platform,prospect_name,company,audience_type,audience_metric,intent_score,contactability_score,freshness_score,total_score,website,email,contact_url,evidence_url,evidence_quote,created_date,source_title,source_excerpt,author_handle
youtube,Chart Fanatics,World's First Free Trading Education Platform | Chart Academy,yt_subscribers,518000,1,2,2,10,https://www.chartacademy.com/,contact@chartacademy.com,,https://www.youtube.com/watch?v=KHEQ5g55dQ4,strategy,2026-10-04,STEAL The 1-Minute Strategy That Made Him $1.8M+ (Works Every Session),"Chart Academy: https://www.chartacademy.com/ 90% OFF Apex Trader Funding (Code: CF): https://apextraderfunding.com/member/aff/go/chartfanatics Free 2 Week Trial at Ninja: https://ninjatraderus.pxf.io/KB9K39  On this episode of Chart Fanatics, JJ Simon breaks down the exact mechanical futures strateg",Chart Fanatics
youtube,SVR ACADEMY,SVR ACADEMY BEST ONLINE COACHING FOR APPSC/TSPSC GROUPS,yt_subscribers,324000,1,2,2,10,https://svracademy.in/index.php#course1,sales@thesanbiz.com,,https://www.youtube.com/watch?v=GBYRFgj1A1U,strategy,2026-10-04,APPSC Group 2: Indian Geography లో ఎక్కువ మార్కులు ఎలా సాధించాలి? | 5 Layers Strategy,Buy Now - https://svracademy.in/index.php#course1 SVR ACADEMY - Contact us Contact - 7801086536 | 6305207624  Website - https://svracademy.in/index.php#course1  App - https://play.google.com/store/apps/details?id=com.svracademy.svr&pcampaignid=web_share  Telegram - https://t.me/svracademy6  Whatsapp,SVR ACADEMY
youtube,CTV News,CTV News - YouTube,yt_subscribers,2410000,1,2,2,10,https://www.youtube.com/ctvnews,ctvnewslocal@bellmedia.ca,,https://www.youtube.com/watch?v=6-LC7k-ZkQk,operations,2026-10-02,"Carney government fast tracks pipeline progress | CTV Your Morning Calgary for Oct. 2, 2026",A pipeline carrying Alberta crude to the West Coast has been named a national interest by the federal government.  Subscribe to CTV News to watch more videos: https://www.youtube.com/ctvnews  Connect with CTV News: For live updates and latest headlines visit: http://www.ctvnews.ca/  For breaking new,CTV News
youtube,Chef Dheeraj Bhandari(Billionaire Chef Media Pvt),Chef Dhundo - Find & Hire Top Hospitality Staff,yt_subscribers,161000,1,2,1,9,https://www.chefdhundo.com/,contact@ihmgurukul.com,https://www.chefdhundo.com/contact,https://www.youtube.com/watch?v=Y-HawKdE3zI,operations,2026-09-27,HACCP Training for Swadeshi Spice Staff | Restaurant Hygiene,For Skilled Manpower Hiring Solutions(Delhi & NCR) https://www.chefdhundo.com/ Or Contact At +91 93190 91884  Food Costing 📚 Book 👇 https://www.ihmgurukul.com/courses/120-Recipes-Costing-Sheets-GST-Projected-and-Selling-Price-694c29193436c648bc3e1824  Join India's Largest Food Entrepreneur Community,Chef Dheeraj Bhandari(Billionaire Chef Media Pvt)
youtube,Arvind Kumar [NIT Surat],"NIOS Class 10 & 12 TMA Solution, Handwritten Projects & Practical Files | Arvind Kumar Expert",yt_subscribers,32800,1,2,2,9,https://arvindkumarnitsurat.com/,info@arvindkumarnitsurat.com,https://arvindkumarnitsurat.com/contact-us,https://www.youtube.com/watch?v=qvyy1bc6EAc,operations,2026-10-02,NIOS Class 12 | Data Entry Operations Ch - 1 Basics of Computer | One Shot🔥,"#nios   ✅ Website - https://arvindkumarnitsurat.com/  ✅ NIOS Class 12 Important question pdf link: https://arvindkumarnitsurat.com/nios-important-questions/class-12   For course, download the mobile app -  ✅Link to Download the android App - https://play.google.com/store/apps/details?id=co.rogers.ap",Arvind Kumar [NIT Surat]
youtube,Engineering Hotspot - GATE | AAI,Engineering Hotspot - Apps on Google Play,yt_subscribers,21300,1,2,2,9,https://play.google.com/store/apps/details?id=co.shield.yybak,support@classplus.co,,https://www.youtube.com/watch?v=PNScjmWnCmg,strategy,2026-10-01,Business Management L-15 | AAI JE (Operations) | Module-13 Organisational Effectiveness | By HV Sir,Download Our App: https://play.google.com/store/apps/details?id=co.shield.yybak  AAI-ATC Crash Course: https://yybak.courses.store/659404  AAI-ATC Full Course: https://yybak.courses.store/215292  AAI-ATC Maths and Physics https://yybak.courses.store/506362  AAI-ATC Mathematics & General Aptitude Cou,Engineering Hotspot - GATE | AAI
youtube,Prof. M. ElAshhab | أ.د محمد الأشهب,Prof. M. ElAshhab | أ.د محمد الأشهب - YouTube,yt_subscribers,1960000,1,2,1,9,https://www.youtube.com/channel/UCyIJrl7Qz0FjJ7L8iJoIeDw/join,mohammedsem@yahoo.com,https://www.youtube.com/channel/UCyIJrl7Qz0FjJ7L8iJoIeDw/join/contact,https://www.youtube.com/watch?v=HJ76uRttuEU,operations,2026-09-29,KKU - Lecture 06 Machining Operations and Machine Tools,رابط الإنتساب للقناة https://www.youtube.com/channel/UCyIJrl7Qz0FjJ7L8iJoIeDw/join المقاطع المخصصة للمنتسبين: https://www.youtube.com/playlist?list=UUMOyIJrl7Qz0FjJ7L8iJoIeDw مجموعة دورات أ.د محمد الأشهب على منصة يوديمي في حال واجهتكم مشكلة في الإشتراك يمكنكم التواصل على الواتساب wa.me/ 966558308073,Prof. M. ElAshhab | أ.د محمد الأشهب
youtube,GEOMETRY DEFENCE ACADEMY - GATEWAY TO DEF SCHOOL,"Geometry Defence Academy | Sainik School, RMS & RIMC Preparation",yt_subscribers,52800,1,2,2,9,http://www.geometryschool.in,info@geometryschool.in,http://www.geometryschool.in/contact-us,https://www.youtube.com/watch?v=qg7jWEvJIKs,strategy,2026-10-04,Ghar Baithe Sainik & Military School Exam Kaise Crack Karein  Complete Strategy,🌐 Connect with us: Website: http://www.geometryschool.in Facebook:https://www.facebook.com/GeometryPublicSchool?mibextid=ZbWKwL   GeometrySchool is a complete guide to Sainik School Entrance Exam Preparations.   SUBSCRIBE TO US - https://youtube.com/channel/UCCzuSAqWXd1j293RNIMpjiA VISIT OUR WEBSITE,GEOMETRY DEFENCE ACADEMY - GATEWAY TO DEF SCHOOL 
youtube,The Wisdom Academy,Share on WhatsApp,yt_subscribers,179000,1,1,2,9,https://wa.me/message/6O3OO4IGV6TRJ1,,,https://www.youtube.com/watch?v=UFkrcQv_jhg,strategy,2026-10-04,GROUP 1/2026/Mains Strategy/How to write Mains? #tnpsc #tnpscgroup1 #tnpscmains,🎯 *THE WISDOM ACADEMY* *TNPSC GROUP I MAINS 2026 – TEST SERIES*  *Tamilmani Sir வழிகாட்டுதலுடன்* உங்கள் விடையெழுதும் திறனை மேம்படுத்தத் திட்டமிட்ட தேர்வுப் பயிற்சி! https://wa.me/message/6O3OO4IGV6TRJ1 DAILY 5 QUESTIONS WRITTEN PRACTICE  📚 *மொத்தம் 65 தேர்வுகள்!* ✅ 48 தினசரித் தேர்வுகள் ✅ 10 வாராந்த,The Wisdom Academy
youtube,Tricky Man,Aspire Leaders Program,yt_subscribers,746000,1,1,2,9,https://engage.aspireleaders.org/registration?refer=alok-verma-286291,,,https://www.youtube.com/watch?v=9i2Ib50i7dk,leadership,2026-10-03,STOP! Don't Miss this FREE Certificate! 😲 Aspire Leaders Program 2026 (Harvard Free Courses 2026),STOP! Don't Miss this FREE Certificate! 😲 Aspire Leaders Program 2026 (Harvard Free Courses 2026)  💡 Harvard ASPIRE Program Link: https://engage.aspireleaders.org/registration?refer=alok-verma-286291   ----------------------------- 📸 Instagram - https://www.instagram.com/trickymanofficial 📝 Whatsapp,Tricky Man
youtube,Grady Polcyn,#1 Insurance Sales Team | The America Agency,yt_subscribers,22600,1,2,2,9,https://www.theamericaagency.com,trinitymarketingandmedia@gmail.com?subject=Found%20You%20On%20The%20America%20Agency!,,https://www.youtube.com/watch?v=M1UsPyYQIhE,sales training,2026-10-02,Live Sales Training with Marysa Maggio!,"✅ Love our training? Partner with us: https://www.theamericaagency.com Get a free copy of The Insurance Sales Guide: http://www.insurancesalesguide.com  Multi-year Hall of Fame producer Marysa Maggio is breaking down the structure, sales process, and word tracks behind her consistency and fast growt",Grady Polcyn
reddit,theingikyaw,Wordpress,reddit_upvotes,11,3,0,1,8,,,,https://www.reddit.com/r/Wordpress/comments/1wu2ucg/shared_host_suspended_our_site_for_excessive/,,2026-09-30,"Shared host suspended our site for ""excessive bandwidth"" with ~50 visitors/month. Screaming Frog, UpdraftPlus, or bots?",">Hey everyone, bit of a panic post. I'm not a web person, I do marketing, but I recently ended up in charge of our company's WordPress site after the agency that built it left.   >   >This morning the whole site was down with ""this user has been suspended"". Our host (Network Solutions) says it was e",u/theingikyaw
youtube,Tim Hagen,The Coaching School,yt_subscribers,19900,1,1,2,8,https://www.buzzsprout.com/705024/fan_mail/new,,,https://www.youtube.com/watch?v=MdIjDkHXgXE,leadership,2026-10-03,Leave Your Butts At Home And Coach Better | The Coaching School,"Send us Fan Mail (https://www.buzzsprout.com/705024/fan_mail/new) One tiny word can sabotage an entire coaching conversation. We dig into why “but” quietly deletes praise, why “I’m frustrated” can hijack the room, and how a simple swap to “and” changes what your team hears and feels. We walk through",Tim Hagen
youtube,Saumya Singh,Saumya Singh,yt_subscribers,321000,1,0,2,8,,,,https://www.youtube.com/watch?v=iemsSO8q6SY,habits,2026-10-01,"Give Me 15 Minutes, I’ll Improve Your Communication Skills by 95%","The biggest reason you’re getting rejected may not be your skills, it could be the way you communicate them. While others with similar skills are confidently speaking, networking, and getting opportunities, you may be missing out because of hesitation, poor English, or lack of confidence. In the nex",Saumya Singh
youtube,O2 IAS Academy,O2 IAS Academy - Apps on Google Play,yt_subscribers,610000,1,2,0,8,https://1lzl.short.gy/7QU0y0,info.o2academy@gmail.com,https://www.o2iasacademy.in/contact,https://www.youtube.com/watch?v=bldBGcoHycg,accountability,2026-09-19,Accountability Meaning & Its Application in Civil Services,Download our Mobile App - https://1lzl.short.gy/7QU0y0   #O2IASAcademy For More queries/Information Download our Mobile App https://clp.page.link/XyZJ Log on to https://www.o2iasacademy.in/ Go to our Facebook Page https://www.facebook.com/O2IASAcademy To download/view the content join our Telegram c,O2 IAS Academy
youtube,DWS News,DWS News,yt_subscribers,344000,1,0,2,8,,,,https://www.youtube.com/watch?v=XvFWxQ-rjn8,leadership,2026-10-03,FULL ADDRESS: Aliko Dangote Outlines Africa Vision and Challenges at Egypt Forum Speech | AC14,"Nigerian billionaire and Dangote Group President & CEO, Aliko Dangote, delivered a powerful keynote address at the Africa Business Forum in El Alamein, Egypt, sharing his vision for Africa’s economic future and the challenges ahead.  In his speech, Dangote highlighted the need for industrialization,",DWS News
youtube,Media Magik Entertainment,Media Magik Entertainment,yt_subscribers,380000,1,0,2,8,,,,https://www.youtube.com/watch?v=SIHsEw1MKFo,operations,2026-10-02,MV-22 Osprey Hoisting Operations at Weapons and Tactics Instructor Course,"U.S. service members attached to Marine Aviation Weapons and Tactics Squadron One (MAWTS-1), conduct MV-22 hoisting operations as part of Weapons and Tactics Instructor course 1-27, at Landing Zone Holtville, California, Sept. 25, 2026. Weapons and Tactics Instructor course is a seven-week training ",Media Magik Entertainment
youtube,Prashant Chaturvedi,Prashant Chaturvedi,yt_subscribers,235000,1,0,2,8,,,,https://www.youtube.com/watch?v=x_oz-gkut14,operations,2026-10-02,"AAI JE & Manager 2026: Notification to Final Result, Kab Hoga Joining","AAI JE & Manager Recruitment 2026: From Notification to Final Result — how much time does the complete recruitment process actually take? In this video, we have discussed the complete expected timeline of AAI Junior Executive and Manager Recruitment 2026, starting from the official notification and ",Prashant Chaturvedi
youtube,The Coaches Site,Glass and Out - Podcast - Apple Podcasts,yt_subscribers,11100,1,1,2,8,https://apple.co/3DeRQOv,,,https://www.youtube.com/watch?v=WSNAA7w3sJU,habits,2026-10-04,Developing Defensive Habits for Young Players | Glass and Out Podcast,Subscribe to the Glass and Out Podcast:  Apple Podcasts: https://apple.co/3DeRQOv Spotify: https://spoti.fi/3qmjrWn  Save 25% Off a TCS Premium Membership with code NEWSEASON: https://www.thecoachessite.com/ Learn more about TCS Group Memberships: https://www.thecoachessite.com/groups Download the T,The Coaches Site
youtube,"Subhash Choudhary, Life Coach","Subhash Choudhary, Life Coach ",yt_subscribers,221000,1,0,2,8,,,,https://www.youtube.com/watch?v=bJq7mX_WpBw,habits,2026-10-04,अगर आपकी उम्र 70 साल हो चुकी है और आप लंबी उम्र चाहते हैं तो ये 7 आदतें आज ही छोड़ दें! #seniors,7 normal habits that are silently destroying Elderly's life.  7 सामान्य आदतें जो चुपचाप बुजुर्गों का जीवन नष्ट कर रही हैं बुजुर्गों की 7 सामान्य आदतें जो चुपचाप उनका जीवन नष्ट कर रही हैं! इन्हें छोड़ दो वरना बहुत पछताओगे! Senior Citizens  Old Age OldAge problems  #seniorcitizens  #oldage  #oldagepro,"Subhash Choudhary, Life Coach "
youtube,Bishal Sarkar Best Public Speaking Coach India,Organic New – King of confidence,yt_subscribers,27900,1,1,2,8,https://bit.ly/4c3EpAF,,,https://www.youtube.com/watch?v=3lItttY4g-I,habits,2026-10-02,3 Small Habits That Make You More Respected,"Join the ""Speak Like a CEO Masterclass"": https://bit.ly/4c3EpAF  🎤 *Stop wasting time in your life and join our NEXT World-Class Speaking Public Speaking Program* for Leaders (limited group size), get in touch with our team at +91-88803-61526 or WhatsApp https://wa.me/918880361526  🎧 *I Love Public ",Bishal Sarkar Best Public Speaking Coach India
youtube,SUJA R MOHAN,SUJA R MOHAN,yt_subscribers,237000,1,0,2,8,,,,https://www.youtube.com/watch?v=B6bZUVoqQ4Y,mindset,2026-10-02,രാവിലത്തെ ഈ 5 ശീലങ്ങൾ ജീവിതം മാറ്റി മറിക്കും | Suja R Mohan | Day 134,"The first hour of your morning sets the tone for your entire day — and your entire life. In this Day 134 episode, Suja R Mohan, a leading life coach in Kerala, reveals 5 powerful morning habits that can completely transform your mindset, productivity, and overall success.  As the best life coach in ",SUJA R MOHAN
youtube,ANI News,ANI News - YouTube,yt_subscribers,9790000,1,2,0,8,https://www.youtube.com/channel/UCtFQDgA8J8_iiwc5-KoAQlg/join,internetani@aniin.com,https://www.youtube.com/channel/UCtFQDgA8J8_iiwc5-KoAQlg/join/contact,https://www.youtube.com/watch?v=EohILaP2H-g,eta,2026-09-11,LIVE: Commerce Minister Piyush Goyal Delivers Keynote Address at BRICS Business Forum I India,LIVE: Commerce Minister Piyush Goyal Delivers Keynote Address at BRICS Business Forum I India  #piyushgoyal #bricssummit #businessforum #bricssummit2026 #india #live   [SOURCE: DD]  Join ANI's YouTube membership to get access to perks: https://www.youtube.com/channel/UCtFQDgA8J8_iiwc5-KoAQlg/join  S,ANI News
youtube,Mahendra Dogney : Life coach,Tatvam,yt_subscribers,4530000,1,2,0,8,https://tatvamlife.com/new-courses/37,appx.co.in@gmail.com,,https://www.youtube.com/watch?v=Lk_vh3w35zs,eta,2026-09-18,Complete Communication Skills Course : अपने Confidence को Next Level पर ले जाएं | By Mahendra Dogney,Tatvam में आपका स्वागत है  Personality Transformation Program को Join करने के लिए -  https://tatvamlife.com/new-courses/37  Use coupon code (for 199 rs.) - PD10  login our TATVAM application (Android) app Link - https://play.google.com/store/apps/details?id=com.ioflpz.ntpzcp Free Telegram link-  htt,Mahendra Dogney : Life coach
youtube,VIPM Academy,VIPM Academy ,yt_subscribers,392000,1,0,2,8,,,,https://www.youtube.com/watch?v=g5JuMraqa5I,strategy,2026-10-04,CET 2026 Last 50 Days Strategy | पूरा Roadmap + Study Plan | 12th & Graduation Level | Shivani Ma’am,"Rajasthan CET 2026 Last 50 Days Preparation Strategy | Complete Roadmap, Study Plan, Revision, PYQ, MCQ & Mock Test Strategy | CET 10+2 & Graduation Level CET 2026 की तैयारी कर रहे हैं और अब समझ नहीं आ रहा कि अगले 50 दिनों में क्या पढ़ें, कितना पढ़ें, Revision कब करें और Practice कैसे करें? इस speci",VIPM Academy 
youtube,Booster Rajasthan Exams,Booster Rajasthan Exams,yt_subscribers,112000,1,0,2,8,,,,https://www.youtube.com/watch?v=pxugU6FKfLI,strategy,2026-10-04,क्या घर बैठे RAS की तैयारी संभव है? 🤔 | RAS Preparation Strategy,"क्या घर बैठे RAS की तैयारी संभव है? 🤔 | RAS Preparation Strategy  RAS Preparation 2026, RAS 2026, RPSC RAS, RAS Preparation Strategy, घर बैठे RAS की तैयारी, RAS Study Plan, RAS Exam Preparation, RAS Preparation Tips, RPSC RAS 2026, RAS कैसे करें, RAS की तैयारी कैसे करें, RAS Smart Study, RAS Aspiran",Booster Rajasthan Exams
youtube,Sri Chaitanya Academy JEE,Sri Chaitanya Academy JEE,yt_subscribers,472000,1,0,2,8,,,,https://www.youtube.com/watch?v=SBaN7QGtbxE,strategy,2026-10-04,JEE 2027: Will the Paper Be More Difficult? 😱| Preparation Strategy & Difficulty Level Revealed!,"Are you aiming for JEE 2027 and wondering if the exam will be significantly harder than previous years? 🤯 In this video, we break down the changing trends of JEE Main & Advanced, analyzing paper patterns from recent years to give you the honest truth!  📌 Key Highlights Covered in this Video:  • Diff",Sri Chaitanya Academy JEE
youtube,PENTED Gujarati,PENTED Gujarati ,yt_subscribers,222000,1,0,2,8,,,,https://www.youtube.com/watch?v=q-PZ6-xnTbo,strategy,2026-10-04,THE GAME CHANGER 🔥 | પ્રથમ પરીક્ષા માટે વિશેષ પ્રેરણાત્મક સેમિનાર | Alfa Academy | Meghani Sir |,"THE GAME CHANGER 🔥 | પ્રથમ પરીક્ષા માટે વિશેષ પ્રેરણાત્મક સેમિનાર | Alfa Academy | Meghani Sir | વિદ્યાર્થીઓ માટે GAME CHANGER Seminar | Pratham Pariksha 2026 Motivation | Exam Motivation Seminar 2026 | બદલાવની શરૂઆત અહીંથી |   Hello Student,  🎓 Welcome to Our YouTube Channel Pented Gujarati - Your ",PENTED Gujarati 
youtube,Perfection Academy,Perfection Academy,yt_subscribers,1000000,1,0,2,8,,,,https://www.youtube.com/watch?v=FNnOuJSmDSU,strategy,2026-10-02,MP Police में 85+ अंक कैसे लाएं?🔥नंबर कम आ रहे हैं तो ये Strategy अपनाएं| MPSI/ASI Pawan Patidar Sir,85+ Score Strategy | Mock Test Analysis | Last Time Revision | PYQ | Test Series | Free Quiz | Free PDF | Free Study Material | Exam Strategy | Pawan Patidar Sir | Perfection Academy  #MPPolice #MPPoliceConstable #MPSI #MPASI #MPPolice2026 #MPPolicePreparation #MPPoliceStrategy #MPPoliceMockTest #MP,Perfection Academy
youtube,Booster Academy RAS,Booster Academy RAS,yt_subscribers,587000,1,0,2,8,,,,https://www.youtube.com/watch?v=ZVmjOTLrMCM,strategy,2026-10-03,RAS Current Affairs को लेकर सारी Confusion दूर करें | RAS Current Affairs Strategy | Kapil Sir,"RAS Current Affairs को लेकर सारी Confusion दूर करें | RAS Current Affairs Strategy | Kapil Sir  RAS Current Affairs, RAS Current Affairs 2026, RAS Current Affairs Strategy, RAS Current Affairs Preparation, RAS Current Affairs कैसे पढ़ें, RAS Current Affairs कैसे तैयार करें, RAS Current Affairs की तै",Booster Academy RAS
youtube,Aman Booming Academy,Affiliate referral signup,yt_subscribers,22100,1,1,2,8,https://coinswitch.co/pro/signup?code=updoAWJ,,,https://www.youtube.com/watch?v=8MpcDVuc7iU,strategy,2026-10-02,🔴 2 Oct  Live Crypto & Gold Scalping Strategy | Best Sniper Entries Live #livetrading,"Welcome to today’s live trading session! 🚀 We’re analyzing Bitcoin (BTC), Gold (XAUUSD), and the overall crypto market in real time.  🔗 Trade on CoinSwitch: https://coinswitch.co/pro/signup?code=updoAWJ  🚀 Top Recommended Brokers For Crypto: ✅  XM – Secure & Reliable  👉  Link - https://affs.click/qt",Aman Booming Academy
youtube,Micro Classes,Micro Classes,yt_subscribers,163000,1,0,2,8,,,,https://www.youtube.com/watch?v=lnFKzTAZZvY,leadership,2026-10-04,CCSU MEd 4th Semester 2025 Educational Management Administration and Leadership Previous Question,Educational Management Administration and Leadership 2025 paper | CCSU MEd 4th Semester Previous year Question Paper pyq 2025 #Shorts  📌 Paper Details: • University: Chaudhary Charan Singh University Meerut • Course: MEd 4th Semester • Subject: Educational Management Administration and Leadership • ,Micro Classes
youtube,I Design My Life,I Design My Life,yt_subscribers,173000,1,0,2,8,,,,https://www.youtube.com/watch?v=wk_iAF-7jnU,accountability,2026-10-04,How To Create Core Leaders In Your Business - FULL COURSE,"Want to build a strong leadership team that can run your business without depending on you for every decision?  In this complete leadership development and team management course, you will learn how to identify potential leaders, develop leadership skills, build a strong management team, improve emp",I Design My Life
youtube,GTV NETWORK HD,GTV NETWORK HD,yt_subscribers,1130000,1,0,2,8,,,,https://www.youtube.com/watch?v=pvPRLlZQ3WE,leadership,2026-10-02,🔴LIVE | CM Maryam Nawaz Addresses Participants Of Senior Officers Leadership Course | GTV News Live,"🔴LIVE | CM Punjab Maryam Nawaz Addresses Participants Of Senior Officers Leadership Course | GTV News Live #maryamnawaz #live #GTVNews   GTV News is Pakistan's one of emerging leading News Channel where you Watch Live and Exclusive Coverage 24/7 including Headlines, Bulletins, Breaking News, Latest ",GTV NETWORK HD
youtube,PMLN Official,PMLN Official,yt_subscribers,128000,1,0,2,8,,,,https://www.youtube.com/watch?v=M5FyCs2KOys,leadership,2026-10-02,Chief Minister Maryam Nawaz addresses the participants of the Senior Officer Leadership Course,Chief Minister Maryam Nawaz addresses the participants of the Senior Officer Leadership Course,PMLN Official
youtube,TVOne USA,TVOne USA,yt_subscribers,113000,1,0,2,8,,,,https://www.youtube.com/watch?v=1R1f9I2De4U,leadership,2026-10-02,🔴LIVE: Maryam Nawaz Addresses Senior Officers Leadership Course | TV One USA,"🔴LIVE: Maryam Nawaz Addresses Senior Officers Leadership Course | TV One USA  #MaryamNawaz #PunjabCM #LeadershipCourse #PunjabGovernment #TVOneUSA   Punjab Chief Minister Maryam Nawaz Sharif Addresses Participants Of The Senior Officers Leadership Course, Highlighting Leadership, Governance, Public ",TVOne USA
youtube,GNN,GNN,yt_subscribers,3940000,1,0,2,8,,,,https://www.youtube.com/watch?v=knWT4eboG0M,leadership,2026-10-02,🔴 Live: CM Punjab Maryam Nawaz Addresses Participants of Senior Officers' Leadership Course!  | GNN,🔴 Live: CM Punjab Maryam Nawaz Addresses Participants of Senior Officers' Leadership Course!  | GNN,GNN
youtube,Awaz Entertainment,Awaz Entertainment,yt_subscribers,185000,1,0,2,8,,,,https://www.youtube.com/watch?v=b7Zcu9H6U78,leadership,2026-10-02,🔴LIVE: Maryam Nawaz Addresses Senior Officers Leadership Course | Awaz Entertainment,"🔴LIVE: Maryam Nawaz Addresses Senior Officers Leadership Course | Awaz Entertainment  #MaryamNawaz #PunjabCM #LeadershipCourse #PunjabGovernment #AwazEntertaiment  Punjab Chief Minister Maryam Nawaz Sharif Addresses Participants Of The Senior Officers Leadership Course, Highlighting Leadership, Gove",Awaz Entertainment
youtube,WTVR CBS 6,"WTVR.com | Breaking News, Weather and Sports from WTVR Richmond",yt_subscribers,304000,1,2,0,8,http://WTVR.com,DL-Corp-Digital-Support@scripps.com,http://WTVR.com/contact,https://www.youtube.com/watch?v=NyyXP5Wvx7M,accountability,2026-09-18,Virginia Gov. Spanberger Unveils Data Center Framework,"Virginia Gov. Abigail Spanberger unveiled a new Data Center Accountability Framework Friday, proposing changes to energy, water, environmental and local oversight rules as industry groups raised concerns.  Contact us with your story: newstips@wtvr.com  Connect with us!  Station Site: http://WTVR.com",WTVR CBS 6
youtube,Andrew Bustamante,Andrew Bustamante,yt_subscribers,803000,1,0,2,8,,,,https://www.youtube.com/watch?v=y9m1Wqo1k4A,mindset,2026-10-02,Get Ahead Without Working Harder—The CIA Method to Achieve Any Goal,"FREE TEST: Find Your Spy Superpower HERE - https://yt.everydayspy.com/y9m1Wqo1k4A  Most people don’t fail because they lack ambition. They fail because their own psychology works against them.  In this video, I break down three psychological traps that keep you from hitting your goals—and the same p",Andrew Bustamante
youtube,CorneliusFichtner,How to Practice Flexible Leadership on Projects,yt_subscribers,28900,1,1,2,8,https://www.pm-podcast.com/560,,,https://www.youtube.com/watch?v=dJy-eo8u1Ao,mindset,2026-10-03,Hands-On Flexible Project Leadership: Build Your Leadership Playbook | Episode 560 Premium Preview,"https://www.pm-podcast.com/560 - Flexible leadership sounds straightforward until a project leader has to decide what to do differently when the situation changes. Kevin Eikenberry https://kevineikenberry.com, author of _Flexible Leadership: Navigate Uncertainty and Lead with Confidence_, returns fo",CorneliusFichtner
youtube,WJZ,WJZ,yt_subscribers,177000,1,0,2,8,,,,https://www.youtube.com/watch?v=vDWfkPnNwL4,leadership,2026-10-01,Baltimore Ravens' center concerns and Lamar’s leadership | Purple Playbook,"This week on Purple Playbook, Sports Director Alex Glaze and 2-time Super Bowl Champion Torrey Smith break down the Ravens' concerns at center after injuries in Rio; they discuss Lamar Jackson’s leadership on and off the field, and Torrey tells us what he thinks of Mike Tomlin’s Minecraft hobby.   #",WJZ
youtube,David Fung | Coachful Coaching Leadership Podcast,David Fung | Coachful Coaching Leadership Podcast - YouTube,yt_subscribers,14300,1,1,2,8,https://youtube.com/@coachfulcoaching/?sub_confirmation=1,,,https://www.youtube.com/watch?v=5gRlLzzJwNg,habits,2026-09-30,"Promoted Too Fast? The 3 Tests Every New Leader Faces | Bill Gunn, Ex-J&J and FedEx",Promoted too fast? The 3 tests every new leader faces.  Subscribe: https://youtube.com/@coachfulcoaching/?sub_confirmation=1  Full episode notes: https://coachfulcoaching.com/coachful-coaching-leadership-podcast/promoted-too-fast  Bill Gunn went from entry level to Managing Director at FedEx in unde,David Fung | Coachful Coaching Leadership Podcast
youtube,Dr. Abdussalam Omar,Dr. Abdussalam Omar,yt_subscribers,378000,1,0,2,8,,,,https://www.youtube.com/watch?v=r5-XQYrOZHk,business coaching,2026-10-03,ചൈന visa ഒരു പ്രശ്നമല്ല!! Join Our China 140th Canton Fair Business Networking Trip 2026,"Dr. Abdussalam Omar Business Leadership Coach | SocialPreneur | Branding Strategist | Entrepreneur | Traveller  Dr. Abdussalam Omar is a globally recognized leadership coach, branding strategist, and socialpreneur dedicated to transforming individuals, businesses, and organizations. From growing up ",Dr. Abdussalam Omar
youtube,Legal AF,Legal AF,yt_subscribers,1250000,1,0,2,8,,,,https://www.youtube.com/watch?v=aLb6ZNJ0YXg,accountability,2026-10-03,The Blueprint to Make Trump PAY after He LOSES BIG!!!,"Amanda Carpenter, writer and editor at Protect Democracy, joins Somil Trivedi of Court Accountability Action. Amanda discusses how Trump is trying to steal our money and steal the election, but also about creative ways that the pro-democracy movement is pushing back--including ways to take back the ",Legal AF
youtube,DSGuruji,DSGuruji,yt_subscribers,353000,1,0,2,8,,,,https://www.youtube.com/watch?v=SOB70u3Tu94,mindset,2026-10-04,"Stop Waiting for Confidence: How the ""Hot Shot Rule"" Builds Unstoppable Leaders 💼✨","Hello everyone! Welcome back to the channel. 🙏 Do you ever feel stuck, hesitant, or like you're just ""waiting"" to feel confident enough to lead? Here is the truth: confidence isn't an innate trait you are born with. It is built through consistent, small actions. In today’s video, we introduce a powe",DSGuruji
youtube,Network Kings,Share on WhatsApp,yt_subscribers,453000,1,1,1,8,https://wa.link/z98a8e,,,https://www.youtube.com/watch?v=hlGi2g37n3A,pipeline,2026-09-29,CI/CD pipelines in DevOps,WhatsApp for Admission or Query : https://wa.link/z98a8e Join Live Trainings with Lab Access - https://www.nwkings.com Join Video Trainings - https://ott.nwkings.com  Stay connected with us! *************************** Network Kings believes in infusing information globally to create the foundation ,Network Kings
youtube,30 Minutes to President’s Club,13 Sales Nav Searches To Fill Up Your Pipeline | Sales Toolkit,yt_subscribers,22400,1,2,1,8,https://www.30mpc.com/blog/social-selling-the-warm-pipeline-machine,contact@30mpc.com,,https://www.youtube.com/watch?v=JZjTCu3o4_A,b2b sales,2026-09-28,Introducing: The Warm Pipeline Machine (Social Selling Course),Grab the free Sales Nav Filters + Inbound Alerts toolkit: https://www.30mpc.com/blog/social-selling-the-warm-pipeline-machine  Want the full social selling playbook? Pre-order the course and save $100 before Oct 19: https://30mpc.com/course/social-selling-course  We’re going all-in on social selling,30 Minutes to President’s Club
youtube,Dr. Ahmed Yousry,Data Engineering - Google Drive,yt_subscribers,49500,1,2,1,8,https://drive.google.com/drive/folders/1n1TinWkLRPNA9D3Ufa1_wjlkq4rKr3OG?usp=sharing,ahmedyousry609@gmail.com,,https://www.youtube.com/watch?v=fCVdGl3Ac0s,pipeline,2026-09-28,Chapter 2 : Designing a Complete Data Pipeline,Book and Lectures on this link : I will update the folder every lecture  https://drive.google.com/drive/folders/1n1TinWkLRPNA9D3Ufa1_wjlkq4rKr3OG?usp=sharing,Dr. Ahmed Yousry
youtube,BUDDHI IAS ACADEMY,Home - Buddhi IAS Academy,yt_subscribers,227000,1,2,0,8,https://www.buddhiacademy.in/,budhijeev@gmail.com,https://www.buddhiacademy.in/contact-us,https://www.youtube.com/watch?v=v8zou5DpPQg,strategy,2026-09-26,Houthis Attacked Saudi Oil Pipeline Mapping,Buddhi IAS Academy Website - https://www.buddhiacademy.in/  To Watch All our Courses in ios devices -  Step 1 (Download MY INSTITUTE APP from Apple Store) Step 2 (Find BUDDHI  ACADEMY) ORGANISATION CODE - ZDSPY  UPSC TOPPER IAS ABHINAV PRAKASH ECONOMY Strategy & Sources - https://youtube.com/shorts/,BUDDHI IAS ACADEMY
youtube,The Founder's Dream | Abhishek vyas,The Founder's Dream | Abhishek vyas,yt_subscribers,270000,1,0,2,8,,,,https://www.youtube.com/watch?v=8c90-7ireCc,strategy,2026-10-03,🚀 From YouTube Videos to 220+ Students #businesspodcast,"Online Course Business | YouTube Growth | Market Testing | Student Enrollment | Entrepreneurship  online course business, YouTube content, digital education, market testing, course launch, student enrollment, business learning, online teaching, entrepreneurship journey, customer demand, admissions s",The Founder's Dream | Abhishek vyas
youtube,Sigma Bold,Sigma Bold,yt_subscribers,223000,1,0,2,8,,,,https://www.youtube.com/watch?v=skmv-GZpNQ4,mindset,2026-10-03,They Found Thousands Of Golf Balls… Then Built A Million-Dollar Business! 🤯💰 #shorts #viralvideo,"They Found Thousands Of Golf Balls… Then Built A Million-Dollar Business! 🤯💰 #shorts #viralvideo  VISUAL CREDIT:- [🎥_@golffiller & @golfgod] Via IG/TT   ⚠️ Safety / Context Note  This video is created for educational, documentary, and entertainment purposes only. It discusses professional motorcycle",Sigma Bold
youtube,Simone Rodrigues,EFEITO PANTERA Lash Iniciante a Lash Empreendedora,yt_subscribers,30700,1,1,2,8,https://kiwify.app/dogVkjA,,,https://www.youtube.com/watch?v=3_zu5x-Tn78,eta,2026-10-03,Curso EFEITO PANTERA #empreendedorismo #lashes #shorts,"Oieeee, meu nome é Simone Rodrigues e desenvolvi um curso on-line completo sobre extensão de cílios e o melhor o curso é vitalício.  Certificado Apostila  Grupo no WhatsApp com + de 100 mulheres  Acompanhamento comigo    Link da página de vendas   https://kiwify.app/dogVkjA",Simone Rodrigues 
youtube,Fifth Chrome,Create and Multistream Live Video | Restream,yt_subscribers,10700,1,2,1,8,https://restream.io,support@restream.io,,https://www.youtube.com/watch?v=eyD0w5RYUvA,leadership,2026-09-30,Sales Enablement for Professional Services,"Made with Restream. Livestream on 30+ platforms at once via https://restream.io   Whether you are an individual practitioner like a coach, consultant, or designer, or you run a boutique professional services firm like a law firm, accounting firm, architecture firm, or recruitment firm, this workshop",Fifth Chrome
youtube,Amar Choudhary,Amar Choudhary,yt_subscribers,129000,1,0,2,8,,,,https://www.youtube.com/watch?v=z9y-whfKZIc,leadership,2026-10-01,आपकी ज़ुबान और Body Language एक जैसी है?..#BodyLanguage #Communication #Psychology #Trust,"जय हिन्द दोस्तों 🇮🇳 I'm Amar Choudhary better known as The MotivACtional Speaker, Leadership and Life Coach, Keynote Speaker has transformed the art of Motivational Speaking Training and Coaching over the last 18 years, influencing more than a Million lives through his insightful yet practical inter",Amar Choudhary
youtube,Open eLMS,Open eLMS,yt_subscribers,244000,1,0,2,8,,,,https://www.youtube.com/watch?v=pbLihpW70DQ,leadership,2026-10-03,Why Do Leaders Ignore Employees? #Consulting #Leadership #BuyIn,Transitioning from a consultant to an internal employee often reveals a strange paradox in how advice is received. Leaders are frequently more willing to listen to expensive external voices than the experts they have already hired. This clip explores why the same advice carries more weight when it c,Open eLMS
youtube,Newzroom Afrika,Newzroom Afrika,yt_subscribers,718000,1,0,2,8,,,,https://www.youtube.com/watch?v=fwkaOtNF2Bo,leadership,2026-10-03,"NUMSA rocked by leadership battles, legal disputes and financial strain","NUMSA is facing a deepening internal crisis, with leadership battles, legal disputes and financial strain gripping the union. At the centre is an escalating power struggle between regional structures and long-serving General Secretary Irvin Jim. Labour consultant Jimmy Makgethe weighs in.    Follow ",Newzroom Afrika
youtube,Jeremy Miner,Amazon.com,yt_subscribers,472000,1,2,0,8,https://www.amazon.com/dp/1636980112,api-services-support@amazon.com,https://www.amazon.com/dp/1636980112/contact,https://www.youtube.com/watch?v=Clnl-2QYXsE,sales training,2026-09-14,49 Years Of Sales Training In 45 Minutes...,"Want the full NEPQ framework? This is what 350,000+ reps use to close more deals: https://nepqtraining.com/ask  Prefer to understand the psychology behind NEPQ first? Grab The New Model of Selling: Selling to an Unsellable Generation on Amazon: https://www.amazon.com/dp/1636980112  Connect with Me I",Jeremy Miner
youtube,Tony Robbins,Tony Robbins,yt_subscribers,2750000,1,0,2,8,,,,https://www.youtube.com/channel/UCJLMboBYME_CLEfwsduI0wQ,personal development,2026-10-04,Channel: Tony Robbins (avg_views:35590),"Tony Robbins is a #1 New York Times bestselling author, entrepreneur, philanthropist, and one of the world’s leading life and business strategists. For nearly five decades, he has helped more than 100 million people across 193 countries create lasting change through his books, events, coaching, and ",Tony Robbins
youtube,Thais Gibson - Personal Development School,Thais Gibson - Personal Development School,yt_subscribers,539000,1,0,2,8,,,,https://www.youtube.com/channel/UCHQ4lSaKRap5HyrpitrTOhQ,personal development,2026-10-04,Channel: Thais Gibson - Personal Development School (avg_views:5252),"Welcome! I'm Thais Gibson, Best-Selling Author, Pastoral Counselor, Relationship Coach, PhD, and Founder of the Personal Development School.

Why do we keep repeating relationship patterns that hurt us? That question led me to spend 2013–2019 building Integrated Attachment Theory® (IAT), a trademark",Thais Gibson - Personal Development School
youtube,Don Markland,Don Markland,yt_subscribers,48100,1,0,2,7,,,,https://www.youtube.com/watch?v=r9QFsHUquu0,mindset,2026-10-01,The Hard Truth About Hiring a Life Coach #shorts,"Here’s a hard truth about coaching: A lot of people misunderstand what coaching is supposed to do. They hire a coach expecting instant change. Or they expect the coach to validate everything they already believe. But if you're hiring a coach just to hear someone tell you that you're right, what are ",Don Markland
youtube,Millionaires kerala,Millionaires kerala,yt_subscribers,12600,1,0,2,7,,,,https://www.youtube.com/watch?v=GHayReV_GjI,strategy,2026-10-02,Sales കൂടിയിട്ടും Business തകരുന്നതെന്തുകൊണ്ട്? 👀 | Business Growth,"Tony Saji Chief Scale-Up Strategist | Business Coach | Managing Director StepX International Pvt. Ltd.  Helping businesses achieve sustainable growth through Business Growth Consulting, Sales Training, Marketing Strategies & Business System Building.  Whether you’re looking to improve sales, strengt",Millionaires kerala
youtube,Journey With Us,Journey With Us,yt_subscribers,50000,1,0,2,7,,,,https://www.youtube.com/watch?v=F-O-j10Bs3k,strategy,2026-10-01,22 Online Consulting Businesses for Experts #expatlife #onlinebusiness,11. CRM & Revenue Systems Consultant  12. AI Workflow Consultant  13. Business Process Consultant  14. Procurement Consultant  15. Learning & Development Consultant  16. Change Management Consultant  17. Risk Management Consultant  18. Data & Reporting Consultant  19. Client Onboarding Consultant  2,Journey With Us
youtube,Cerasela Rogen,Cerasela Rogen,yt_subscribers,42500,1,0,2,7,,,,https://www.youtube.com/watch?v=FrIyhvE8kaQ,eta,2026-10-01,🧠 Lucrează cu mine pentru a demonta tiparele inconștiente: ceraselarogen.ro,"Sunt Cerasela Rogen, un om la fel ca și tine. Am trecut prin multe, iar atunci când am simțit că ”nu mai pot” am cerut ajutorul. 🤭 De aproximativ 10 ani, am început extraordinara mea călătorie spre dezvoltarea personală, trecând prin spiritualitate și ajungând la coaching (lucrul cu mintea umană). A",Cerasela Rogen
youtube,Professor Dr Javed Iqbal,Professor Dr Javed Iqbal,yt_subscribers,2290000,1,0,1,7,,,,https://www.youtube.com/watch?v=9B-sxuQ2V68,personal development,2026-09-29,Your Biggest Enemy May Be Yourself | Ego vs Self-Respect | by Prof. Dr. Javed Iqbal,"We often work hard to improve our career, finances, comfort, and achievements. But real self-improvement is not only about what we achieve outside. It is also about building qualities within us that money cannot buy honesty, sincerity, empathy, gratitude, and hard work.  Sometimes, the biggest obsta",Professor Dr Javed Iqbal
youtube,Vijender Masijeevi,Vijender Masijeevi,yt_subscribers,2120000,1,0,1,7,,,,https://www.youtube.com/watch?v=7Xs_5-mtr58,public speaking,2026-09-28,Why College Shouldn’t Just Be About UPSC Preparation I Vijender Masijeevi,"College is often treated as a stepping stone to a degree, job, or competitive exam. But another part of college may be much harder to replace: being surrounded by people with completely different backgrounds, languages, ideologies, disciplines, and experiences.  You make friends, lose friends, debat",Vijender Masijeevi
youtube,Saarthi RAS Academy,Saarthi RAS Academy,yt_subscribers,28600,1,0,2,7,,,,https://www.youtube.com/watch?v=5sPHm71bovU,accountability,2026-10-01,मंत्री ने क्यों दिया इस्तीफ़ा? Accountability Explained,एक रेल हादसे के बाद एक मंत्री ने नैतिक ज़िम्मेदारी लेते हुए इस्तीफ़ा दे दिया। इस short में समझिए कि Accountability का असली मतलब क्या है    इस वीडियो में: * Accountability और नैतिक ज़िम्मेदारी * संविधान में भाग-4 (राज्य के नीति निदेशक तत्व) और लोक कल्याण * Public service में Ethics का महत्व  -⃠-⃠-⃠-⃠,Saarthi RAS Academy
youtube,Chatterbox Sports | Cincinnati Sports Talk & more,Chatterbox Sports | Cincinnati Sports Talk & more,yt_subscribers,26100,1,0,2,7,,,,https://www.youtube.com/watch?v=PojfmQ7-Rlg,strategy,2026-10-01,"Derek Johnson OUT as Reds Pitching Coach — Phil Castellini Owns Up to Mistakes | MLB News, Rumors","Trace Fowler and Nick Kirby react to the news that the Cincinnati Reds pitching coach Derek Johnson is not returning and the comments made in a press conference by Nick Krall, Brad Meador and Phil Castellini.  ----------------------  The Cincinnati Reds are sticking with their strategy, but ownershi",Chatterbox Sports | Cincinnati Sports Talk & more
youtube,Seattle Sports,Seattle Sports,yt_subscribers,143000,1,0,1,7,,,,https://www.youtube.com/watch?v=ITWxycgK_O4,operations,2026-09-28,Jerry Dipoto's End of Season Comments | #SeattleSports,"Seattle Mariners President of Business Operations Jerry Dipoto speaks to the media following the conclusion of the 2026 season and parting ways with much of the coaching staff on September 28, 2026 from T-Mobile Park.   📰 Full story: https://sports.mynorthwest.com/mlb/seattle-mariners/seattle-marine",Seattle Sports
youtube,Koshy Thomas Online Classes,Koshy Thomas Online Classes,yt_subscribers,14200,1,0,2,7,,,,https://www.youtube.com/watch?v=_zdehmR4U5I,operations,2026-10-03,Excel order of operations: why brackets matter | Excel Class 5,"Excel Study · Class 5 of 160 — Maths order: why brackets matter. A free Excel course from the very basics to advanced, one class every morning and evening.  Excel does maths in a fixed order: brackets first, then powers, then multiply and divide, then add and subtract. So =B2+C2*1.05 taxes only the ",Koshy Thomas Online Classes
youtube,Dear Sir,Share on WhatsApp,yt_subscribers,22800000,1,1,0,7,https://tinyurl.com/Join-KSA,,,https://www.youtube.com/watch?v=Qg3aO9a8ez0,mindset,2026-09-23,🔥 ZERO TO HERO | ENGLISH SPEAKING MASTERCLASS BY DEAR SIR,*JOIN Kashif Sir Academy (KSA) NOW — FROM ANYWHERE IN INDIA:*   https://tinyurl.com/Join-KSA  🔥 ZERO TO HERO | ENGLISH SPEAKING MASTERCLASS BY DEAR SIR  Welcome to the English Speaking Masterclass by Dear Sir—created for every student who wants to begin their spoken English journey from zero and gro,Dear Sir
youtube,Statecraft IAS Academy,Statecraft IAS Academy,yt_subscribers,36700,1,0,2,7,,,,https://www.youtube.com/watch?v=X4dlsLTaFIc,strategy,2026-10-04,KAS ಆಫೀಸರ್ ಆಗುವುದು ಹೇಗೆ? | Complete Strategy Video | KAS Preparation Tips 2026 | Statecraft IAS |,"KAS ಆಫೀಸರ್ ಆಗುವುದು ಹೇಗೆ? ಈ ವಿಡಿಯೋದಲ್ಲಿ KAS ಪರೀಕ್ಷೆಗೆ ಹೇಗೆ ತಯಾರಿ ಮಾಡಬೇಕು, ಯಾವ strategy ಅನುಸರಿಸಬೇಕು, syllabus, preparation plan, exam approach ಹಾಗೂ success roadmap ಬಗ್ಗೆ ವಿವರವಾಗಿ ತಿಳಿಸಲಾಗಿದೆ. ಈ valuable session ನಲ್ಲಿ Tippu Sultan Sir ಮತ್ತು Captain Ajith Kumar Sir (Excise DC of Bangalore Rural District",Statecraft IAS Academy
youtube,"TGPSC, APPSC & UPSC VISHNU IAS ACADEMY","TGPSC, APPSC & UPSC VISHNU IAS ACADEMY",yt_subscribers,52700,1,0,2,7,,,,https://www.youtube.com/watch?v=kF-xCFfkTi4,strategy,2026-10-04,APPSC Group 1 Preparation | Faculty Explains the Right Strategy | Vishnu IAS Academy,"Preparing for APPSC Group 1 and not sure how to start or plan your preparation? In this video, our faculty explains the right preparation strategy for Prelims & Mains, including how to approach the syllabus, plan your studies, and stay consistent throughout your preparation.  Watch the complete vide","TGPSC, APPSC & UPSC VISHNU IAS ACADEMY"
youtube,LIMA - Broken Arrow,LIMA - Broken Arrow,yt_subscribers,10000,1,0,2,7,,,,https://www.youtube.com/watch?v=CEySbabRw8U,strategy,2026-10-04,King Tiger Assault in 2026 Colourised // Broken Arrow Academy Shorts  #brokenarrow,"🔥 Welcome to the ultimate Broken Arrow gameplay experience! 🔥 In this high-octane real-time strategy (RTS) video, we dive deep into intense tactical warfare, explosive battles, and advanced military strategy. Whether you're a die-hard RTS fan or new to the world of Broken Arrow, this is the must-wat",LIMA - Broken Arrow
youtube,CONTANGO TRADING ACADEMY,CONTANGO TRADING ACADEMY,yt_subscribers,36200,1,0,2,7,,,,https://www.youtube.com/watch?v=NWmzWLExgP4,strategy,2026-10-04,BPR Strategy-ல் Perfect Entry எப்படி?,#BPRStrategy #BalancedPriceRange #icttrading  #ictconcepts  #smctrading  #smartmoneyconcepts  #tradingstrategy  #priceaction   #intradaytrading  #tradingeducation  #technicalanalysis  #tradesetup  #EntryModel #riskmanagement #contangoacademy    ⚠️ Disclaimer: This video is for educational purposes o,CONTANGO TRADING ACADEMY
youtube,APTI PLUS Academy For Civil Services,APTI PLUS Academy For Civil Services,yt_subscribers,84700,1,0,2,7,,,,https://www.youtube.com/watch?v=a0PIoQOunQ4,strategy,2026-10-04,"Stop guessing your UPSC strategy | Here is your 2-year clear, structured roadmap to LBSNAA |","🏛️ APTI PLUS Deliverables for Civil Services Preparation  ➔ 1,250+ Hours | Live & Offline Classes  ➔ Study Material | Hardcopy Notes + NCERT Bridge Course  ➔ 1:1 Mentorship | Personal Guidance + Daily Answer Writing  ➔ Test Series | 45 All-India Mocks + 4,000+ MCQs  ➔ Mains Mastery | Utkrishti 360 T",APTI PLUS Academy For Civil Services
youtube,VISHNU IAS ACADEMY,VISHNU IAS ACADEMY,yt_subscribers,38600,1,0,2,7,,,,https://www.youtube.com/watch?v=amwZINF-YjQ,strategy,2026-10-03,Is Self-Study a Myth? | Truth About UPSC Preparation Strategy | Best UPSC Coaching in Hyderabad,"Can you clear UPSC through self-study? Is coaching really necessary? In this video, we discuss the reality of self-study, coaching, study planning, and the right preparation strategy for UPSC Civil Services Examination.  Understand how to approach your UPSC preparation, avoid common mistakes, and bu",VISHNU IAS ACADEMY
youtube,"Chemistry-CSIR NET, GATE & IITJAM : Chiral Academy","Chemistry-CSIR NET, GATE & IITJAM : Chiral Academy",yt_subscribers,30900,1,0,2,7,,,,https://www.youtube.com/watch?v=3pVkYK9YS_0,strategy,2026-10-03,UPESSC Assistant Professor 2026 Chemistry | 179 Vacancies | Smart Preparation Strategy,"At Chiral Academy, we take pride in being recognized as the Best Faculty Team for IIT JAM, GATE, and CSIR NET Chemistry in India. With a dedicated team of experienced educators and comprehensive course offerings, we are committed to helping students achieve their academic goals and excel in their ch","Chemistry-CSIR NET, GATE & IITJAM : Chiral Academy"
youtube,Majestic Academy,Majestic Academy,yt_subscribers,40000,1,0,2,7,,,,https://www.youtube.com/watch?v=8A4hxI-fLMs,strategy,2026-10-03,ADRE 3.0 Webinar with Deepjyoti Sir | Important Strategy & Guidance for Aspirants | Majestic Academy,Get valuable guidance and insights from Deepjyoti Sir in this special ADRE-focused webinar. A useful session for aspirants looking to improve their preparation strategy and approach competitive exams with better planning.  🎯 In This Video: ✅ ADRE Preparation Guidance ✅ Important Exam Strategy ✅ Smar,Majestic Academy
youtube,Wall Street Mastermind,Wall Street Mastermind,yt_subscribers,12000,1,0,2,7,,,,https://www.youtube.com/watch?v=9aE9pNKyy6M,search fund,2026-09-30,Search funds are one of the most overlooked entry points in finance.,"Acceptance rates at top PE and venture firms are lower than ever. Search funds hire and disband constantly, which means the door is open more frequently. The experience you get — sourcing, deal execution, direct mentorship — is exactly what IB recruiters want to see.  The catch: most students don't ",Wall Street Mastermind
youtube,Amer Ali,Amer Ali,yt_subscribers,220000,1,0,1,7,,,,https://www.youtube.com/watch?v=I7MW7-VPhA8,accountability,2026-09-30,PMP Study Plan for Busy Professionals: Roadmap & Accountability,"Build a PMP study plan that fits your work and family schedule. Amer Ali explains how a time audit, your learning preferences, accountability, and question practice shape a personalized preparation roadmap.  This recorded presentation covers the coaching process, study resources, AI training, and le",Amer Ali
youtube,The Industry Portal,The Industry Portal,yt_subscribers,21700,1,0,2,7,,,,https://www.youtube.com/watch?v=3HA2CThvIdc,mindset,2026-10-04,Strategic Thinking for Leaders | Scenario Planning (Leadership Day 18),"Great leaders don't just manage today's challenges. They prepare for tomorrow's opportunities.  In Lesson 18 of The Industry Portal's Leadership Essentials course, you'll learn how to think strategically, balance short-term priorities with long-term vision, and use scenario planning to make better l",The Industry Portal
youtube,NMIMS Narsee Monjee Institute of Management Studies,NMIMS Narsee Monjee Institute of Management Studies,yt_subscribers,20700,1,0,2,7,,,,https://www.youtube.com/watch?v=FpxHbC3pt0o,leadership,2026-10-04,"Soham’s MBA Journey at NMIMS Hyderabad | Leadership, Campus Life & Student Experience","What does an MBA journey look like beyond the classroom?  For Soham Sarade, his experience at NMIMS has been about taking on leadership responsibilities as a Class Representative, participating in student committees, managing challenges and creating memorable campus experiences.  From academics to p",NMIMS Narsee Monjee Institute of Management Studies
youtube,Dr Chicks™,Dr Chicks™,yt_subscribers,21700,1,0,2,7,,,,https://www.youtube.com/watch?v=sM1ZkobkqK4,mindset,2026-10-03,Why Leadership Training Fails — And What Biology Does Differently 🧬 | DR.CHICKS,"Why Leadership Training Fails — And What Biology Does Differently 🧬 | DR.CHICKS  Leadership training means little if nothing changes inside the organization.  Explore the DR.CHICKS Books & Courses Hub,  where biology, systems thinking, and organizational diagnostics become practical learning pathway",Dr Chicks™
youtube,Ramakrishna Mission Vidyamandira,Ramakrishna Mission Vidyamandira,yt_subscribers,21900,1,0,2,7,,,,https://www.youtube.com/watch?v=BXgSxbXGtFU,mindset,2026-10-03,How To Become a Corporate Leader  The Experts Online Certificate Course   RKMVM,🔗 Registration Link—https://vidyamandira.org/iemEn/rkmv_online_seminarpay.jsp (Select Proper Course Name from the Drop-down Menu)  Admission Helpline (Call/WhatsApp)📞8981295535 (10:30am - 5:30 pm)  💵 Total Course Fees — ₹2000 Only ⌛ Course Duration — 4 Months / 32 Hours ⏳ Class Time — Monday 7pm-9pm,Ramakrishna Mission Vidyamandira
youtube,Scott P. Scheper,Scott P. Scheper,yt_subscribers,11400,1,0,2,7,,,,https://www.youtube.com/watch?v=eV-NfF6yhlc,mindset,2026-10-03,Unlock Your Potential: The Antinet Framework for Success #shorts,"The Antinet is a tool, but true growth demands more. Accountability, community, and a clear framework are key. Achieve big goals, like writing a book in 3 months, with the right support. #GrowthMindset #Accountability #Community #Success",Scott P. Scheper
youtube,ABC 7 News - WJLA,Spanberger announces Virginia data center framework and AI task force,yt_subscribers,287000,1,1,0,7,https://wjla.com/news/local/spanberger-announces-new-data-center-framework-ai-task-force-virginia-artificial-intelligence-executive-order,,,https://www.youtube.com/watch?v=qg3fyU92dLw,accountability,2026-09-18,Spanberger announces Virginia data center framework and AI task force,Virginia Gov. Abigail Spanberger announced a new “data center accountability framework.”  FULL STORY: https://wjla.com/news/local/spanberger-announces-new-data-center-framework-ai-task-force-virginia-artificial-intelligence-executive-order  _______________ Stay up to date with our social media:  7Ne,ABC 7 News - WJLA
youtube,RAHUL JAJORIYA,RAHUL JAJORIYA,yt_subscribers,67700,1,0,2,7,,,,https://www.youtube.com/watch?v=3TA9tdlrLZo,mindset,2026-10-04,How Geniuses Set Goals for 2026 (The Far-Sighted Method),"Want to know how geniuses and far-looking minds set goals? In this video, we break down the elite strategic frameworks used by top visionaries to reverse-engineer their future, build unbreakable systems, and dominate their objectives for 2026. Stop setting ordinary New Year's resolutions and start p",RAHUL JAJORIYA
youtube,One Peppy Mom,One Peppy Mom,yt_subscribers,12600,1,0,2,7,,,,https://www.youtube.com/watch?v=l-6bvGZApiE,goal setting,2026-10-01,"October Reset Routine as Working Mom✨ Goals, Habits & 75 Soft","October is here, and with it comes the final 3 months of the year.  If you've been waiting for the ""right time"" to start reading more, work on a goal, build a habit, get healthier, create content, or simply feel more like yourself again—this is it.  In this monthly reset, I'm reflecting on September",One Peppy Mom
youtube,Kerry Siggins,Kerry Siggins,yt_subscribers,11800,1,0,2,7,,,,https://www.youtube.com/watch?v=COAjU_TZNhQ,mindset,2026-10-01,What Great Leaders Do When There's No Playbook,"I’ve been leading people for more than 20 years, and I still find myself in situations where I’m not completely sure what the right thing to do is.  Someone starts crying while I’m giving them feedback, and I’m not sure whether to keep talking or shut up. I know someone isn’t performing, but I care ",Kerry Siggins
youtube,Sanjeev Jain - AI Business Automation Coach,Sanjeev Jain - AI Business Automation Coach,yt_subscribers,27100,1,0,2,7,,,,https://www.youtube.com/watch?v=vVTeoTy_XrU,business coaching,2026-10-03,Did You Build a Business or a Job? | Sanjeev Jain,"One of the biggest shifts in entrepreneurship is learning to stop being the person who does everything.  Your value as a founder increases when you create processes, empower your team and make the business less dependent on individual effort.  That’s how you create room for strategy, innovation and ",Sanjeev Jain - AI Business Automation Coach
youtube,Joe Mikitish,Joe Mikitish,yt_subscribers,17400,1,0,2,7,,,,https://www.youtube.com/watch?v=9hyV8oi2v90,mindset,2026-10-02,Freedom Focused Business Coaching is I Am All About,"If you're a Blue Collar business owner, entrepreneur, contractor, or leader you're in the right place.  I'm Joe Mikitish, founder of Blue Collar Connect, where I have put together an incredible community of Blue Collar business owners in Boise, Phoenix, Salt Lake and San Antonio.   On this channel I",Joe Mikitish
youtube,Life Coach Sheeja,Life Coach Sheeja,yt_subscribers,71900,1,0,2,7,,,,https://www.youtube.com/watch?v=qINeC-yN2BE,life coaching,2026-10-04,10/10 Manifestation Portal ✨ ഈ Energy ഉപയോഗിച്ച് നിങ്ങളുടെ ആഗ്രഹം സാക്ഷാത്കരിക്കാം!,"✨ **10/10 Manifestation Portal 2026** — ഈ powerful **10/10 Energy** ഉപയോഗിച്ച് നിങ്ങളുടെ ആഗ്രഹങ്ങൾ സാക്ഷാത്കരിക്കാൻ തയ്യാറാണോ?  In this powerful Malayalam manifestation session, **Life Coach Sheeja** explains the meaning of the **10/10 Manifestation Portal**, how to consciously use 10/10 energy, and",Life Coach Sheeja
youtube,Tom Sims,Tom Sims,yt_subscribers,45600,1,0,2,7,,,,https://www.youtube.com/watch?v=rTCZFYPSLRU,leadership,2026-10-03,Destination Coaching: Walk Through Your Future Day,"What would a good day in your future look like?  In this video, I introduce Destination Coaching—an invitation to imagine a day filled with joy, purpose, meaningful work, relationships, and rest. Once you can describe where you want to go, you can begin building a practical path toward it.  For coac",Tom Sims
youtube,Malkah Norwood,Malkah Norwood,yt_subscribers,16900,1,0,2,7,,,,https://www.youtube.com/watch?v=RRl8BAj9cxw,life coaching,2026-10-03,Practical Steps to Act Brand New Today,W.I.S.E. Life Coaching & Mentorship Copyright © All Rights Reserved.,Malkah Norwood
youtube,Coach Kamrul Hasan,Coach Kamrul Hasan,yt_subscribers,46300,1,0,2,7,,,,https://www.youtube.com/watch?v=yTF4Foeli70,mindset,2026-10-01,"80% of Business Success is Mindset, 20% is Skillset. || Coach Kamrul Hasan || CKH Network","বিজনেস সাকসেসের ১ নম্বর প্রিন্সিপাল কী জানেন? মাইন্ডসেট!     ব্যবসায়  সাফল্যের ক্ষেত্রে ৮০% হলো মাইন্ডসেট, আর ২০% হলো স্কিলসেট। যেকোনো ব্যবসাকে যদি নেক্সট লেভেলে নিয়ে যেতে চান, তবে যে মাইন্ডসেটটি গড়ে তোলা সবচেয়ে জরুরি—সেটিই হলো ""Bulletproof Mindset""।   এই Bulletproof Mindset গড়ে উঠবে ৩টি শক্তিশালী প",Coach Kamrul Hasan
youtube,FtxRohit,FtxRohit,yt_subscribers,21400,1,0,2,7,,,,https://www.youtube.com/watch?v=a6VjMSN45EQ,mindset,2026-10-01,Coach 😱🙏 #viral#tranding#shorts,"Coach 😱🙏 #viral#tranding#shorts         motivation, success, mindset, inspiration, motivational speech, coach, life coach, career, growth mindset, goals, self improvement, personal growth, motivational video, success mindset, goal setting, inspirational, best motivational video, brian tracy, persona",FtxRohit
youtube,Sales with Ray Higdon,Sales with Ray Higdon,yt_subscribers,43500,1,0,2,7,,,,https://www.youtube.com/watch?v=vXxl-ECxsLA,closing,2026-10-02,Why you get fewer 'Yeses' when you try too hard #sales #salestraining #business,Learn my 4p Method for FREE Here: 👉🏻 https://higdongroup.com/blueprint  #rayhigdon #saleswithrayhigdon #shorts #sales #salestraining #salestips #4pmethod #salescoach #businessgrowth #success,Sales with Ray Higdon
youtube,Alok Kumar - The Coaching X,Alok Kumar - The Coaching X,yt_subscribers,13200,2,0,0,7,,,,https://www.youtube.com/watch?v=aJy46LJT7Rg,accountability,2026-09-10,How I Built a 90-Day Coaching Program That Made Coaches ₹5 Lakh,"Coaches, this is what happens inside a 90-day group coaching program week by week.  I show you the 13-week structure, 3 phases Positioning to Pre-Selling to Conversion, Saturday hot seats and WhatsApp accountability, plus real cohort numbers.  What You'll Learn: Full 13-week structure, daily account",Alok Kumar - The Coaching X
youtube,Old School Wisdom,Old School Wisdom,yt_subscribers,24500,1,0,2,7,,,,https://www.youtube.com/watch?v=A7E6w01lrHs,mindset,2026-10-04,The Major Key to Your Better Future Is... | Jim Rohn,"If You Don't Change, Your Life Won't Change.  🌟 If this video adds value to your life, don’t forget to like, share, and subscribe for more insights and wisdom from Jim Rohn.  __________________________   ,,   _____________________________  Speaker 🎤 Jim Rohn – A respected thinker and mentor, guiding",Old School Wisdom
youtube,Winnie's School of Excellence,Winnie's School of Excellence,yt_subscribers,590000,1,0,1,7,,,,https://www.youtube.com/watch?v=D_TmL9_Nig0,mindset,2026-09-29,The Place to Be If You’re Serious About Actioning Your Goals — Join the Excellence Elite Club,"You don’t have to figure everything out alone.  Sometimes, you need someone to challenge your thinking.  Sometimes, you need accountability.  Sometimes, you need to hear someone else’s experience and realise, “Oh. So I’m not the only one navigating this.”  And sometimes, you simply need people who a",Winnie's School of Excellence
youtube,Organic Farming Hindi,Organic Farming Hindi,yt_subscribers,19400,1,0,2,7,,,,https://www.youtube.com/watch?v=Z5hTQguZS6M,entrepreneurship,2026-10-04,"Organic Farming Course की पूरी जानकारी 2026 | जैविक खेती का Complete Course | Eligibility, Skills","Description  🌱 Organic Farming Course की पूरी जानकारी 2026! अगर आप जैविक खेती सीखना चाहते हैं, Agriculture Student हैं, किसान हैं या Organic Farming को Career और Business के रूप में समझना चाहते हैं, तो यह वीडियो आपके लिए उपयोगी हो सकता है।  इस वीडियो में हम Organic Farming Course से जुड़े महत्वपूर्ण",Organic Farming Hindi
youtube,Money Bookmarked,Money Bookmarked,yt_subscribers,84400,1,0,2,7,,,,https://www.youtube.com/watch?v=UsuvR8r1ar0,mindset,2026-10-03,Why Customers Choose You: Lesson 05 #customerloyalty,"Fastlane Lesson 05/24 — अगर दो लोग वही काम कर रहे हैं, तो ग्राहक तुम्हें क्यों चुनेगा?  Money Bookmarked की इस Hindi/Hinglish series में The Millionaire Fastlane के चुने हुए principles आसान भारतीय examples से समझते हैं। इस lesson का focus: Relative value. आज अपनी सेवा और दो विकल्प लिखो, फिर एक ऐसा ल",Money Bookmarked
youtube,bst all tips,bst all tips,yt_subscribers,28100,1,0,2,7,,,,https://www.youtube.com/watch?v=bhH9xmFl7Q8,entrepreneurship,2026-10-03,Iedup Training Certificate Delay । CM Yuva training certificate kitne din me milta hai।,सीएम युवा Edp प्रशिक्षण प्रमाण पत्र कितने दिन में मिलता है जानिए हरि नारायण सर से Open Skill Test Kvc Agam exam skills test  IEDUP TRAINING HELP  IEDUP TRAINING CERTIFICATE  IEDUP TRAINING CERTIFICATE DOWNLOAD KAISE KARE  @HariNarayanTalks @bstalltips  #bstalltips #iedup #upicon #trendingshorts #ent,bst all tips
youtube,MY SWAYAM,MY SWAYAM,yt_subscribers,37700,1,0,2,7,,,,https://www.youtube.com/watch?v=YKztVwN37ZQ,mindset,2026-10-03,Entrepreneurship Week 12 | NPTEL ANSWERS 2026 | #nptel2026 #myswayam #nptel,Entrepreneurship Week 12 | NPTEL ANSWERS 2026 | #nptel2026 #myswayam #nptel2026  📝 YouTube Description: 📘 Course: Entrepreneurship – Week 12 Answers 🏫 Institution: IIT Madras 👨‍🏫 Instructor: Prof. C. Bhaktavatsala Rao 🧠 Language: English | Credits: 3 📅 Exam Date: 25 Oct 2026  Welcome to Week 12 Assi,MY SWAYAM
youtube,Damen,Damen,yt_subscribers,29100,1,0,2,7,,,,https://www.youtube.com/watch?v=eIzvffiIZMo,entrepreneurship,2026-10-02,Three days of the Damen Business Course for students  | Damen,"In May, a new group of students took part in the Damen Business Course - a three-day programme packed with hands-on experience, strategic challenges and real conversations that gave them look into the world of Damen.  We run the Damen Business Course because we believe the best way to connect young ",Damen
youtube,mnotes,mnotes,yt_subscribers,31400,1,0,2,7,,,,https://www.youtube.com/watch?v=VWRSLTTCB6I,strategy,2026-10-02,"IGNOU|Business, Management, Marketing & Entrepreneurship മേഖലകളിൽ career build ചെയ്യാൻBBA-7012461727","IGNOU | Fresh Admission🎓 Admissions Open Now! Contact CBS for Admission Guidance. 🌟Welcome to CBS & Eminent Academy – Where Education Meets Career! ✨🎓   💬 WhatsApp: +91 7012461727 #ignou,#shorts #shortsfeed   📲 WhatsApp: 7012461727 / 9447159800/ 9497553568 / 9496953568 / 9496253568  #ignou,#shorts #",mnotes
youtube,NEWS CENTER Maine,NEWS CENTER Maine,yt_subscribers,164000,1,0,1,7,,,,https://www.youtube.com/watch?v=dwAEs8PC2Ek,accountability,2026-09-29,Cumberland County Early Accountability program for first-time offenders,"Cumberland County launches a new Early Accountability program to help first-time, non-violent offenders avoid the criminal justice system.  District Attorney Jackie Sartori announced the initiative, which diverts low-level cases away from prosecution. Eligible offenders can address their conduct thr",NEWS CENTER Maine
youtube,GAEA Talks,GAEA Talks,yt_subscribers,2050000,1,0,1,7,,,,https://www.youtube.com/watch?v=FuZ40ugbGdk,accountability,2026-09-29,Bias. Fairness. Accountability. Who's checking?,"Compliance and risk management alone aren't enough without a responsible AI program, one that actually asks whether the outcomes AI enables still meet the level of trust a company promises the market.  #GAEATalks #AIPodcast #TechPodcast #Governance #AIPolicy",GAEA Talks
youtube,Garage Logic,Garage Logic - YouTube,yt_subscribers,21300,1,2,0,7,https://www.youtube.com/@GarageLogicPodcast,Krisandra@tahosportswear.com,,https://www.youtube.com/watch?v=A0SNrId5TIw,accountability,2026-09-25,Bigger government means smaller accountability.,"Subscribe: https://www.youtube.com/@GarageLogicPodcast  --  Get your official Garage Logic Merchandise here: https://garagelogic.itemorder.com/shop/home/   -----  For full episodes of the Garage Logic Podcast, visit GarageLogic.com or download the show wherever you get your podcasts!   Become a Town",Garage Logic
youtube,Rashedul Islam,Rashedul Islam,yt_subscribers,10200,1,0,2,7,,,,https://www.youtube.com/watch?v=6Dh4QWXzkoc,mindset,2026-10-02,লিডারশিপ স্টাইল | Leadership Style MCD Method | Skills rider | Rashedul Islam,"Great leadership is not one style—it’s knowing when to Manage, Coach, and Delegate. একজন effective leader situation বুঝে নিজের leadership style পরিবর্তন করেন— Manage for direction, Coach for development, Delegate for growth.  আপনার Sales Team-এর Conversion বাড়াতে, Business Development শক্তিশালী করত",Rashedul Islam
youtube,The Mike Ferry Organization,The Mike Ferry Organization,yt_subscribers,60700,1,0,2,7,,,,https://www.youtube.com/watch?v=9IJYEvkKHI0,mindset,2026-10-03,Put Your Real Estate Sales Training Into Action | Mike Ferry,Real Estate sales training only matters when you put it into action. What would you change in your business if the right coaching tools were easier to find when you needed them? Start with the client conversation ahead of you and identify one skill you want to strengthen.  Whether you are preparing ,The Mike Ferry Organization
youtube,Jeff Shore Real Estate Sales Training,Jeff Shore Real Estate Sales Training ,yt_subscribers,23800,1,0,2,7,,,,https://www.youtube.com/watch?v=MRruSKTxxJ4,leadership,2026-10-03,They Walked In for a Reason | 5 Minute Sales Training,"Buyer urgency isn’t something you create—it’s something you discover. When a home buyer says, “We’re just looking,” your job is to find out why they started looking in the first place.  In this episode of 5-Minute Sales Training, you’ll learn three powerful sales discovery questions that can uncover",Jeff Shore Real Estate Sales Training 
youtube,Matt Easton,Matt Easton,yt_subscribers,24400,1,0,2,7,,,,https://www.youtube.com/watch?v=u7nyuKNGG-E,leadership,2026-10-01,Is Internal Sales Training Enough,"Is Internal Sales Training Enough? Is internal sales training enough to develop a high-performing sales team?  Matt Easton, founder of Easton University, explains why relying ONLY on internal sales training can create problems for both underperforming salespeople and your emerging rock stars.  The a",Matt Easton
youtube,Tom Panos Real Estate Training,Tom Panos Real Estate Training,yt_subscribers,37600,1,0,2,7,,,,https://www.youtube.com/channel/UCuCEk80L1R4v8DNNaJWcoEA,personal development,2026-10-04,Channel: Tom Panos Real Estate Training (avg_views:23440),Real Estate Training & Personal Development,Tom Panos Real Estate Training
youtube,Chris Moore,Chris Moore,yt_subscribers,84800,1,0,2,7,,,,https://www.youtube.com/channel/UCEAqEl5gE3W913dhaxrQbEw,mindset,2026-10-04,Channel: Chris Moore (avg_views:22899),"MARKETING • ACQUISITIONS • AI SYSTEMS FOR ENTREPRENEURS

I’m Chris Moore — CEO of Dealmaker Wealth Society, founder of Pocket Marketer™, bestselling author, investor, and a leading expert in Consulting For Equity and small-business acquisitions.

I’ve helped build multiple INC 5000 companies, coache",Chris Moore
youtube,Sales Scripter,Sales Scripter,yt_subscribers,31200,1,0,1,6,,,,https://www.youtube.com/watch?v=-_CNGcI5lHE,sales training,2026-09-30,Sales is Like Dating: Concepts You Can Use to Sell Better (Part II),"In this week’s sales training livestream, we discuss how sales is like dating and share 10 dating concepts that can help you to be better at sales.  #b2bsalestips #salesislikedating #salestraining   0:00 - Introduction 5:54 - Approaching 17:41 - Openers 26:23 - Building Interest 40:54 - Focus on the",Sales Scripter
youtube,Bet-David Consulting,Bet-David Consulting,yt_subscribers,36500,1,0,1,6,,,,https://www.youtube.com/watch?v=m8oq3C-ACh0,accountability,2026-09-28,How To Build a Sales System Your Team Can Copy,"Your sales team cannot scale if the best scripts, closes, and objections only live in one person’s head. Patrick Bet-David explains how to turn product knowledge, recruiting standards, referral scripts, and objection handling into a repeatable training system that new salespeople can learn and use q",Bet-David Consulting
youtube,Window Academy,Window Academy,yt_subscribers,32400,1,0,1,6,,,,https://www.youtube.com/watch?v=LH4WqF1nACI,personal development,2026-09-28,শেখার ক্ষেত্রে ৩ ধরনের মেন্টালিটি বা মানসিকতা! আপনি কোনটি? personal development,"শেখার ক্ষেত্রে ৩ ধরনের মেন্টালিটি বা মানসিকতা! আপনি কোনটি? personal development  A privately owned news and current affairs television channel in Bangladesh, News Lab is also known as News Lab. Founded in 2023, it is owned by the Window Academy. Window Academy strives to evolve into a truly national",Window Academy
youtube,Dr Saim,Dr Saim,yt_subscribers,15800,1,0,1,6,,,,https://www.youtube.com/watch?v=wcvwueUFqb8,life coaching,2026-09-27,NLP Presupposition|The Power of Presuppositions in NLP |NLP Practitioner course| Urdu| Hindi,"Welcome to the Official YouTube Channel of Dr. Javaid Saim   In this video, we explore powerful principles that can influence the way we think, communicate, and understand our experiences.  You will learn how presuppositions can shape your perception, beliefs, communication, and approach to achievin",Dr Saim
youtube,Audio Books Arc,Audio Books Arc,yt_subscribers,159000,1,0,0,6,,,,https://www.youtube.com/watch?v=3DK3-ZKJok8,mindset,2026-09-25,The Power of a Magnetic Personality Book Summary in Hindi | Robert Conklin | Personality Development,The Power of a Magnetic Personality Book Summary in Hindi | Robert Conklin | Personality Development  The Power of a Magnetic Personality Book Summary in Hindi | Robert Conklin | Become Confident & Influential  The Power of a Magnetic Personality (Book Summary in Hindi) | Robert Conklin | How to Bui,Audio Books Arc
youtube,BizKyle | Kyle Ewing,BizKyle | Kyle Ewing ,yt_subscribers,22400,1,0,1,6,,,,https://www.youtube.com/watch?v=znAlxfI1s78,mindset,2026-09-27,Module 3: No-Victim Mentality - Accountability That Scales,Ownership starts with mindset. This module shows how to eliminate victim thinking and build a team that solves problems without waiting for permission.  kyleewing.com/courses,BizKyle | Kyle Ewing 
youtube,LevelUp IAS,LevelUp IAS,yt_subscribers,140000,1,0,0,6,,,,https://www.youtube.com/watch?v=s2kOVm3FRkI,accountability,2026-09-24,A Mentor Who Tracks Your UPSC Preparation,"What does a personal UPSC mentor actually do?  In this short, LevelUp IAS explains how LMP Ascend uses personalised mentorship to bring accountability into your UPSC preparation. Aspirants get a weekly one-on-one session with their personal mentor to track daily targets, review tests, discuss answer",LevelUp IAS
youtube,Samsung Business USA,Samsung Business USA,yt_subscribers,50800,1,0,1,6,,,,https://www.youtube.com/watch?v=QSwW9HxAJVY,operations,2026-09-29,Cincinnati Bengals partner with Samsung to transform coaching and football operations,"In the professional football, preparation happens around the clock. For the Cincinnati Bengals, keeping coaches, players and football operations teams aligned meant finding a technology solution that could simplify workflows, accelerate collaboration and make critical information easier to access.  ",Samsung Business USA
youtube,Breakthrough Academy,Breakthrough Academy,yt_subscribers,19000,1,0,1,6,,,,https://www.youtube.com/watch?v=IFFjxKAdKUM,business coaching,2026-09-29,The real impact of contractor coaching,"When Josh and Danielle Knight first decided to look for contractor coaching for their construction business in Nanaimo, BC, they were living on the edge.  Their margins were thin, their operations were hectic, and their stress level was through the roof.  After going through the Breakthrough Academy",Breakthrough Academy
youtube,Cleveland Cavaliers,Cleveland Cavaliers,yt_subscribers,149000,1,0,0,6,,,,https://www.youtube.com/watch?v=UeZwWbWe2t8,operations,2026-09-25,Koby Altman & Kenny Atkinson Start-of-Season Press Conference,"Hear from President of Basketball Operations, Koby Altman, and Head Coach, Kenny Atkinson, LIVE from Cleveland Clinic Courts as they meet with the media to tip-off the new season!",Cleveland Cavaliers
youtube,Tom MC Ifle,Tom MC Ifle,yt_subscribers,1200000,1,0,0,6,,,,https://www.youtube.com/watch?v=Uak0RWtJIjA,closing,2026-09-12,Babak Baru AI Marketing! Operasional Bisnis Bisa Hemat 80%?,"Babak Baru AI Marketing! Operasional Bisnis Bisa Hemat 80%?   AI marketing mulai dipercaya banyak owner & kini mengancam posisi agensi. Apakah hasil kerja AI benar-benar bisa mengalahkan manusia?  📌 LINK PENDAFTARAN WORKSHOP: ""Hemat Ratusan Juta dengan AI Marketing Agency"": https://www.topcoachindon",Tom MC Ifle
youtube,Royal Television Society,Royal Television Society,yt_subscribers,20100,1,0,1,6,,,,https://www.youtube.com/watch?v=xdMabsMFVp8,keynote,2026-09-30,"Matt Brittin, BBC Director-General delivers his UK keynote at the RTS London Convention 2026","Ahead of the charter renewal and amid funding pressures, the BBC's new Director-General spoke about what the broadcaster's priorities will be going forward, the need for a new funding mechanism, and the challenges and opportunities facing the BBC and public service media, from AI to infinite choice ",Royal Television Society
youtube,Salesforce,Salesforce,yt_subscribers,882000,1,0,0,6,,,,https://www.youtube.com/watch?v=40DbkHxC__4,closing,2026-09-18,"4 Challenges of Modern Commerce | Commerce Keynote, Dreamforce 2026","AI is already reshaping how consumers shop, with one in five online dollars influenced by AI. Explore the latest Agentforce Commerce announcements, see live agent demos in action, and learn how leading brands are using AI agents to transform digital commerce. Discover how Salesforce is helping busin",Salesforce
youtube,Human Peritus,Human Peritus,yt_subscribers,53400,1,0,1,6,,,,https://www.youtube.com/watch?v=mm_r69FwuWs,operations,2026-09-29,"Assistant Director of Census Operations (Technical) 2026—Concise, Tailored Course #upsc2026","Assistant Director of Census Operations (Technical) 2026—Concise, Tailored Course #upsc2026 #upsc #ytshorts   ✅ Assistant Director of Census Operations (Technical) | Crack It with Human Peritus ✅ Assistant Director of Census Operations (Technical) Exam 2026  ✅Enroll for Assistant Director of Census ",Human Peritus
youtube,Sneh Desai,Sneh Desai,yt_subscribers,748000,1,0,0,6,,,,https://www.youtube.com/watch?v=sZIyQAP7jTk,life coaching,2026-09-19,Niche + Audience = Success #snehdesai #viral #findyourniche #targetaudience #businessgrowth,"Want to become a successful coach? Don't try to coach everyone. You need a strong niche and a deep understanding of your audience. 🎯  Today, many people want to become life coaches, business coaches, career coaches, relationship coaches, or health coaches.  The real challenge isn't simply calling yo",Sneh Desai
youtube,HighLevel,HighLevel,yt_subscribers,102000,1,0,0,6,,,,https://www.youtube.com/watch?v=33Sydt_XD1Q,prospecting,2026-09-07,Sales Mastery for High Ticket Client Acquisition,"High ticket clients do not come from sending more cold DMs. They come from a system you can run every day. In this masterclass, Alex Schlinsky, founder of Prospecting On Demand and author of The ANTI-Hustler's Handbook, breaks down how to build a client acquisition system that signs high ticket clie",HighLevel
youtube,Dan Noakes,Mining Claims of Idaho,yt_subscribers,12200,1,1,0,6,https://www.facebook.com/p/Mining-Claims-of-Idaho-61577916961488/,,,https://www.youtube.com/watch?v=xQEn1xwBPpU,prospecting,2026-09-07,My Friend is Going Long Buying Mining Claims,Scott is a modern day prospector and mining claim consultant and CEO of YP Holdings. He grew up in Yellow Pine Idaho and he is the founder of the Mining Claims of Idaho FB page which has more than 36K followers. https://www.facebook.com/p/Mining-Claims-of-Idaho-61577916961488/ I spent a day with Sco,Dan Noakes
youtube,VoxGuru,VoxGuru,yt_subscribers,1070000,1,0,0,6,,,,https://www.youtube.com/watch?v=k5NDxPXR4tY,eta,2026-09-19,Voice Culture & Ear training Online Masterclass | Pratibha Sarathy,"If you would like to join the masterclass, please contact -  +91 9384851125  for registration details.  Limited seats available.",VoxGuru
youtube,Kenyan Week That Was,Kenyan Week That Was,yt_subscribers,12900,1,0,1,6,,,,https://www.youtube.com/watch?v=1GOVgh9681c,accountability,2026-09-30,Kenya's Reparations: Justice After 2008 Killings? #shorts,"Power-sharing in 2008 ended killings, but was it justice? Kenya's 2026 reparation framework aims for accountability. Demands include full funding and ownership trails, confirmation of grave movements, and clarity on survivor applications. #KenyaReparations #TransitionalJustice #HumanRights #Accounta",Kenyan Week That Was
youtube,WUSA9,WUSA9,yt_subscribers,629000,1,0,0,6,,,,https://www.youtube.com/watch?v=Br6zsT43L-I,accountability,2026-09-18,Full press conference: Gov. Spanberger announces sweeping data center accountability plan,Gov. Abigail Spanberger announced the creation of the Data Center Accountability Framework and an AI Task Force.,WUSA9
youtube,WTVR CBS 6,WTVR CBS 6,yt_subscribers,304000,1,0,0,6,,,,https://www.youtube.com/watch?v=-ZZCdocXH1E,accountability,2026-09-18,Virginia Gov. Spanberger Unveils Comprehensive New Data Center Accountability Rules,"Virginia Gov. Spanberger announces a new aggressive data center accountability framework to address energy costs, environmental protections, and community transparency.",WTVR CBS 6
youtube,NBC4 Washington,NBC4 Washington,yt_subscribers,344000,1,0,0,6,,,,https://www.youtube.com/watch?v=WAn6t5BcFAE,accountability,2026-09-18,Virginia governor unveils data center accountability framework | NBC4 Washington,"Virginia Gov. Abigail Spanberger announced what she calls the most comprehensive and aggressive data center accountability effort in the country. It's focused on increasing transparency, strengthening environmental protections, lowering energy costs, advancing clean energy and investing in Virginia’",NBC4 Washington
youtube,C-SPAN,C-SPAN,yt_subscribers,1960000,1,0,0,6,,,,https://www.youtube.com/watch?v=-RfYTSb0TFA,accountability,2026-09-18,Spanberger Outlines Five Points in New Data Center Framework,"VA Gov. Abigail Spanberger outlines five points in new data center framework: ""Increasing transparency, strengthening environmental protections, lowering energy costs, bolstering our clean energy economy and delivering a better deal for Virginia workers.""  Watch more here: https://www.c-span.org/eve",C-SPAN
youtube,Life is Amazing,Life is Amazing,yt_subscribers,30000,1,0,1,6,,,,https://www.youtube.com/watch?v=qtM0gQKtf2A,mindset,2026-09-29,BRIAN TRACY: The Goal-Setting Method That Can CHANGE YOUR LIFE,"Why do some people consistently achieve their goals while others stay stuck?  In this powerful Brian Tracy message, discover practical principles for setting clear goals, building discipline, staying focused, and turning your plans into real results.  Brian Tracy has taught millions of people how to",Life is Amazing
youtube,Luca Papa Official,Luca Papa Official,yt_subscribers,23100,1,0,1,6,,,,https://www.youtube.com/watch?v=j52EVLj1mRE,goal setting,2026-09-28,Come scegliere l'obiettivo più importante (l'obiettivo zero),"Come si sceglie l'obiettivo su cui concentrarsi quando ne hai troppi? In questo short Luca Papa spiega il concetto di ""obiettivo zero"": l'obiettivo che, una volta raggiunto, aiuta tutte le altre aree del business e della vita. Un metodo semplice per il goal setting di imprenditori e professionisti. ",Luca Papa Official
youtube,NLP Training & Coaching by IntraAwareness,NLP Training & Coaching by IntraAwareness ,yt_subscribers,14600,1,0,1,6,,,,https://www.youtube.com/watch?v=XqNu0Wt5QRo,mindset,2026-09-28,"Finally, the support you need as a life coach #transformation #n|pcoach #lifecoachtraining","You've been through it, and now you are ready to help others with it. Becoming a Life Coach has never been more simple, supported and in alignment with your heart.   Learn more and get started by scheduling your time to chat here: www.hcnlp.com",NLP Training & Coaching by IntraAwareness 
youtube,Metrobank,Metrobank,yt_subscribers,21600,1,0,1,6,,,,https://www.youtube.com/watch?v=nh2mHwzvyII,mindset,2026-09-29,Jad's Story of Growth,"In his 30 years as a Metrobanker, Jad has built a career marked by continuous growth and achievement. His journey began with a commitment to personal growth, a mindset that enabled him to take on greater responsibilities and view every challenge as an opportunity to learn, improve, and achieve more.",Metrobank
youtube,Sudas Kannoth,Sudas Kannoth,yt_subscribers,16900,1,0,1,6,,,,https://www.youtube.com/watch?v=vS6sXUAKISg,mindset,2026-09-29,ToTs Webinar 2031 Atomic Habits  (SUFYAN HAMZA ),"How do our daily habits shape our mindsets and define our success? 🌟 ​Watch this insightful ToTs Webinar session by Sufyan Hamza as he breaks down the core concepts of ""Atomic Habits"" and shares practical tips to build good habits and replace bad ones. ​🎙️ Trainer: Sufyan Hamza 🎯 Topic: Atomic Habit",Sudas Kannoth
youtube,The5ers Funding and Beyond,The5ers Funding and Beyond,yt_subscribers,115000,1,0,0,6,,,,https://www.youtube.com/watch?v=1z2WDgZEUfg,habits,2026-09-05,Building Consistency & Develop Professional Habits - LIVE Webinar,"The Difference Between Knowing & Doing  Join Will as he dives into the topic of ""Consistency""   The goal of this webinar is to help eliminate inconsistency and develop professional habits.  What we will cover:  - Why We Know What to Do but Don't Do It  - Creating a Repeatable Routine  - The Power of",The5ers Funding and Beyond
youtube,ICAI CA Tube,ICAI CA Tube,yt_subscribers,581000,1,0,0,6,,,,https://www.youtube.com/watch?v=RYyKJ22iHLg,habits,2026-09-07,"Webinar on The Compounding Power of Work-Life Balance: Small Habits, Extraordinary Returns -24082026","Webinar on The Compounding Power of Work-Life Balance: Small Habits, Extraordinary Returns",ICAI CA Tube
youtube,Sound Media,Sound Media,yt_subscribers,34200,1,0,1,6,,,,https://www.youtube.com/watch?v=34VedivUcTs,accountability,2026-09-29,Medicaid funding pause in Minnesota sparks debate over fraud and accountability.,Medicaid funding pause in Minnesota sparks debate over fraud and accountability.  GOOD! Taxpayer dollars were never meant to vanish into sloppy programs riddled with abuse. When federal officials finally paused Medicaid payments to Minnesota over documented billing irregularities and high-risk claim,Sound Media
youtube,Portia Louder,Portia Louder,yt_subscribers,22100,1,0,1,6,,,,https://www.youtube.com/watch?v=5fXUM9oqeII,accountability,2026-09-28,I got a year off@my prison sentence for doing a high accountability program in prison,,Portia Louder
youtube,Vajiram and Ravi Official,Vajiram and Ravi Official,yt_subscribers,697000,1,0,0,6,,,,https://www.youtube.com/watch?v=ndnBipTvgS0,accountability,2026-09-17,Structure. Accountability. Progress. | StepUp Mentorship Programme 2027 | Vajiram and Ravi,"Hard work matters—but knowing where to channel it can change the way you prepare.  In these student feedbacks, StepUp Mentorship 2027 students share how personalised mentorship has helped them bring greater direction, structure and accountability to their UPSC preparation.  🚀 StepUp Mentorship Progr",Vajiram and Ravi Official
youtube,Ekahau,Ekahau,yt_subscribers,12600,1,0,1,6,,,,https://www.youtube.com/watch?v=V9j_SoqNO1o,peak performance,2026-09-28,Ekahau Webinar | Wi-Fi Decoded | Optimize for Peak Performance,"Wireless networks are never static, they evolve as users and devices connect. A good design sets the foundation, but real-world reliability is defined by how well your network adapts to the changes happening over time.  As high-bandwidth applications become the workplace standard, and new variables ",Ekahau
youtube,GLOVISOR,GLOVISOR,yt_subscribers,17000,1,0,1,6,,,,https://www.youtube.com/watch?v=_s1fL62rxmc,mindset,2026-09-30,10X Your Business Starts With You | The Gene Early 10X Model [Ep 75],"What if exponential business growth starts with changing the leader—not the business?  Dr. Gene Early has spent more than four decades working with leaders and organizations on transformational growth. A PhD in leadership and organizational development, strategic advisor, executive coach, and co-fou",GLOVISOR
youtube,Dr Amol Mourya : Real Estate Coach,Dr Amol Mourya : Real Estate Coach,yt_subscribers,208000,1,0,0,6,,,,https://www.youtube.com/watch?v=jWSI70vbjp0,keynote,2026-09-24,Best Real Estate Trainer In Asia | Dr Amol Mourya | Real Estate Cosch | Keynote Speaker,,Dr Amol Mourya : Real Estate Coach
youtube,Dr Arun Kumar Jindal,Dr Arun Kumar Jindal,yt_subscribers,16000,1,0,1,6,,,,https://www.youtube.com/watch?v=t7j3SFBNj1I,mindset,2026-09-29,"खुद पर विश्वास रखो, मंज़िल खुद करीब आएगी! | Motivation Workshop at RIMT University | Dr. AKJ","🔥 **खुद पर विश्वास रखो, मंज़िल खुद करीब आएगी!** ✨  **25 September 2026** को **RIMT University, Mandi Gobindgarh** में आयोजित एक प्रेरणादायक **Motivation Workshop** की कुछ खास झलकियाँ इस वीडियो में देखिए।  इस session में **self-confidence, positive thinking, motivation, personal growth, goal setting ",Dr Arun Kumar Jindal
youtube,Hannah Ashton,Hannah Ashton,yt_subscribers,196000,1,0,0,6,,,,https://www.youtube.com/watch?v=uChVICH88-w,goal setting,2026-09-15,calling all dreamers & entrepreneurs! this Saturday Sept 19th I’m hosting a GOAL SETTING WORKSHOP to,calling all dreamers & entrepreneurs! this Saturday Sept 19th I’m hosting a GOAL SETTING WORKSHOP to help you intentionally set goals for the rest of 2026 and feel confident in achieving them! 📖🖊️🕯️☕️ can’t wait to see you there! #charleston #charlestonevents #charlestonsc #follybeach,Hannah Ashton
reddit,sozbilen,DigitalMarketing,reddit_upvotes,77,1,0,0,5,,,,https://www.reddit.com/r/DigitalMarketing/comments/1wn61o1/the_stress_of_working_in_digital_marketing_has/,,2026-09-22,The stress of working in digital marketing has gone far beyond what feels manageable,"Every day brings a new problem, usually a difficult one. You never know what you’re going to wake up to.  * Will Meta restrict your ad account? * Will your Google Merchant Center account suddenly run into a policy issue? * Will your Facebook or Instagram account get suspended? * Will a Google Core U",u/sozbilen
reddit,Cruel_Kindness,SelfImprovement,reddit_upvotes,12,1,0,2,5,,,,https://www.reddit.com/r/selfimprovement/comments/1wx1gde/a_final_update_leaving_an_online_community_and/,,2026-10-03,A Final Update: Leaving an Online Community and Starting Over,"Hello, everyone.   This is the latest, and probably the last, update on a situation I posted about here some years ago.   First, I want to clarify what this is not meant to be. This is not a callout post, and it is not an invitation for a witch hunt. I am not asking anyone to track down or harass th",u/Cruel_Kindness
reddit,KodaxyGMD,SelfImprovement,reddit_upvotes,58,1,0,1,5,,,,https://www.reddit.com/r/selfimprovement/comments/1wt7aih/treat_your_life_like_in_politics_lol_its_sound/,,2026-09-29,"Treat your life like in politics lol, it's sound weird but it's OP","I had this thought in the shower today and I've been thinking about it ever since. What if instead of trying to have a ""balanced life"" all the time, we treated our life like a government? I know this sounds a bit autistic, and i am autistic, but I actually think the analogy works surprisingly well. ",u/KodaxyGMD
youtube,Warriors Coach - LET’S GROW SYSTEM,Warriors Coach - LET’S GROW SYSTEM,yt_subscribers,11900,1,0,0,5,,,,https://www.youtube.com/watch?v=DO8LJUJptkM,leadership,2026-09-17,Mr Sunil Thakur System Training #safeshop #mlm #directselling #success #motivation #business #coach ,,Warriors Coach - LET’S GROW SYSTEM
youtube,Neerav Gadhai - Your Coach.,Neerav Gadhai - Your Coach.    ,yt_subscribers,15800,1,0,0,5,,,,https://www.youtube.com/watch?v=N01duS_sAp0,public speaking,2026-09-21,Take a Tour of Personality Development Academy! 🏫 @NeeravCoach #shorts    #NeeravGadhai,"Welcome to Personality Development Academy, Bhuj! 🏫✨ આ વિડીયોમાં જુઓ અકેડેમીનો સુંદર નજારો અને પહોંચવાનો સરળ રસ્તો.  સમગ્ર ગુજરાત અને ભારતમાંથી સ્પોકન ઈંગ્લિશ અને પર્સનાલિટી ડેવલપમેન્ટ શીખવા માંગતા તમામ વિદ્યાર્થીઓ, પ્રોફેશનલ્સ અને શિક્ષકોનું હાર્દિક સ્વાગત છે! 💡 Spoken English, Public Speaking, and",Neerav Gadhai - Your Coach.    
youtube,Andy Szekely,Andy Szekely,yt_subscribers,35900,1,0,0,5,,,,https://www.youtube.com/watch?v=dZQR-UoxAC0,leadership,2026-09-26,"Dezvoltarea personală nu este o colecție de cursuri, cărți și diplome de participare.

Poți să citeș","Dezvoltarea personală nu este o colecție de cursuri, cărți și diplome de participare.  Poți să citești 20 de cărți și să aplici foarte puțin. Sau poți să citești 3 cărți bune de câteva ori și să schimbi ceva concret în felul în care lucrezi și gândești.  La fel și cu un curs. Uneori, cel mai bun luc",Andy Szekely
youtube,WabsTalk,WabsTalk,yt_subscribers,63900,1,0,0,5,,,,https://www.youtube.com/watch?v=xTtlk3KDKdw,mindset,2026-09-25,"Many Congratulations on completion Of English, Public Speaking, Personality Development course","Master public speaking, English fluency, and confidence with Dr. Reuben Singh at WabsTalk! In this video, check out powerful student testimonials, real success stories, and practical insights to transform your communication skills and unleash your true potential. Whether you are preparing for public",WabsTalk
youtube,SI Neuroexcellence,SI Neuroexcellence ,yt_subscribers,23700,1,0,0,5,,,,https://www.youtube.com/watch?v=WmgCOuY0_IY,mindset,2026-09-24,What Is NLP and How Does It Influence Our Thoughts and Behavior?,"What Is NLP and How Does It Influence Our Thoughts and Behavior?  Discover NLP Certification in Pakistan and learn what it takes to become an NLP Practitioner. This podcast explores NLP training, practical skills, communication, mindset, personal growth, career opportunities, and what comes after ce",SI Neuroexcellence 
youtube,Philo&EthicsSimplified for UPSC- YogitaSinghDhami,Philo&EthicsSimplified for UPSC- YogitaSinghDhami,yt_subscribers,10900,1,0,0,5,,,,https://www.youtube.com/watch?v=2j1fEy1f9kY,accountability,2026-09-26,Corporate Governance,"Corporate Governance | UPSC Ethics | GS Paper IV  What ensures that a company is managed not only for profit, but also with transparency, accountability and ethical responsibility?  Corporate Governance refers to the systems, principles and processes through which a company is directed, controlled a",Philo&EthicsSimplified for UPSC- YogitaSinghDhami
youtube,FIT4Privacy - GDPR | AI | Grow Skills Store,FIT4Privacy - GDPR | AI | Grow Skills Store,yt_subscribers,26500,1,0,0,5,,,,https://www.youtube.com/watch?v=4yRMKHVrR2E,accountability,2026-09-25,"AI Governance & ISO/IEC 42001 | Understand, Implement & Audit AI Governance","AI governance is becoming an important part of business, compliance, risk, and leadership.  In this video, explore how ISO/IEC 42001 can help organisations approach AI governance through practical policies, risk controls, audits, and accountability.  Build the knowledge and confidence to understand,",FIT4Privacy - GDPR | AI | Grow Skills Store
youtube,Prayas IAS,Prayas IAS,yt_subscribers,35600,1,0,0,5,,,,https://www.youtube.com/watch?v=3KX3p62GD28,accountability,2026-09-22,तो हम अकाउंटेबिलिटी को सोचेंगे...|| DR.SUSHIL SIR || PRAYAS IAS,तो हम अकाउंटेबिलिटी को सोचेंगे...|| DR.SUSHIL SIR || PRAYAS IAS   #Accountability #AccountabilityMatters #Responsibility #Answerability #Transparency #GoodGovernance #Governance #PublicAccountability #AdministrativeAccountability #EthicsInGovernance #PublicAdministration #RuleOfLaw #ConstitutionalVa,Prayas IAS
youtube,Prithibi,Prithibi,yt_subscribers,36000,1,0,0,5,,,,https://www.youtube.com/watch?v=uGeQyPmPUBw,eta,2026-09-22,Nah..eta thhik reel challenge er aotaaye porena..eta Bipra aar or dawlbawl er upohaar Prithibi ke!!,#abhimaniaprilreelchallenge   Nah .. eta thhik reel challenge er aotaaye porena .. eta Bipra aar or dawlbawl er upohaar Prithibi ke !!   Release haoar por thheke erokom osonkhyo reel joma porechhe amader kachhe .. ektu ektu kore amra sob dite thhakbo tomader jonnyo .   #reelschallenge  #prithibi  #a,Prithibi
youtube,Icenhower Coaching & Training,Icenhower Coaching & Training,yt_subscribers,22800,1,0,0,5,,,,https://www.youtube.com/watch?v=93Q_qw4Zxxc,operations,2026-09-15,Real Estate Team Operations Systems Overview,"""A CMA is not brain surgery."" 🧠 Brian Icenhower's six-rep training method for handing off the task most agents swear can't be delegated. Three times you do it. Three times they do it. Then the edits stop. I do. We do. They do. 🎧 Full episode on The Brian Icenhower Podcast  #BrianIcenhowerPodcast #Re",Icenhower Coaching & Training
youtube,SiliconANGLE theCUBE,SiliconANGLE theCUBE,yt_subscribers,80400,1,0,0,5,,,,https://www.youtube.com/watch?v=Wea55Yw3dWU,accountability,2026-09-24,Keynote Analysis | Okta Oktane 2026,"In this keynote analysis from Oktane 2026 in Las Vegas, theCUBE Research's Krista Case joins theCUBE's Rebecca Knight to unpack Okta's strategy for securing AI agents as they become active participants in enterprise workflows. Case reflects on CEO Todd McKinnon's keynote framing of security and inno",SiliconANGLE theCUBE
youtube,Arab Center Washington DC,Arab Center Washington DC,yt_subscribers,14500,1,0,0,5,,,,https://www.youtube.com/watch?v=ePA6QDUKZhE,keynote,2026-09-24,Opening Keynote - 3rd Annual Palestine Conference,"In his keynote address at the Third Annual Palestine Conference, Ian Lustick examines shifting political realities in Palestine and Israel, the future of the conflict, and the challenges facing policymakers and advocates.",Arab Center Washington DC
youtube,Institute for Healthcare Improvement - IHI,Institute for Healthcare Improvement - IHI,yt_subscribers,19500,1,0,0,5,,,,https://www.youtube.com/watch?v=VknKPAoTY2E,keynote,2026-09-18,Don Berwick IHI Forum 2025 Keynote Address,"For more than 30 years, IHI Forum has convened a dynamic community committed to advancing quality improvement, patient safety, and health equity. Each year, thousands of individuals—including nurses, physicians, patient advocates, executives, students, and improvement professionals—come together to ",Institute for Healthcare Improvement - IHI
youtube,TelecomTV,TelecomTV,yt_subscribers,14800,1,0,0,5,,,,https://www.youtube.com/watch?v=MNqlymF8I_w,mindset,2026-09-18,"AI-Native Telco Forum 2026 Keynote: Ahmed Hafez, Deutsche Telekom","In this keynote presentation, ANTA Steering Board member Ahmed Hafez, SVP of network strategy and data & AI in networks at Deutsche Telekom, discusses the vast dimensions of the network that make scaling AI so difficult, the technical blockers of data readiness, data quality and the semantic layer, ",TelecomTV
youtube,hotchipsvideos,hotchipsvideos,yt_subscribers,11100,1,0,0,5,,,,https://www.youtube.com/watch?v=3X6NN1csAF4,keynote,2026-09-09,HC2026-K: Compute in Motion: Challenges of Autonomous Driving,"Keynote, Hot Chips 2026, Monday, August 24, 2026  Daniel Rosenband, Waymo Chair: Cliff Young, Google  Daniel gives an overview of the challenges that Waymo has faced in their 13-year journey to create cars that can safely drive themselves even in the face of extremely unusual and difficult driving s",hotchipsvideos
youtube,FMCG TV,FMCG TV,yt_subscribers,11300,1,0,0,5,,,,https://www.youtube.com/watch?v=OMqrpS04Py8,leadership,2026-09-23,"🚀 FMCG Professional Salesman, Executives & Distributors Training Academy | Part - 02","🚀 FMCG Professional Salesman, Executives & Distributors Training Academy  FMCG துறையில் Salesmen, Sales Executives மற்றும் Distributors தங்கள் தொழில்முறை திறனை மேம்படுத்தி, விற்பனை வளர்ச்சியை அதிகரிக்கவும், சந்தை போட்டியில் முன்னேறவும் உதவும் வகையில் இந்த Professional Training Academy உருவாக்கப்பட்ட",FMCG TV
youtube,Jonathan Jay,Jonathan Jay,yt_subscribers,36200,1,0,0,5,,,,https://www.youtube.com/watch?v=NAzfMBzHcEc,leadership,2026-09-26,The Fastest Way I Found to Grow a £3M Business,"Ben had already built a successful electrical business over 17 years.  But when he wanted to take the company to the next level, he was told he needed to accumulate a huge “war chest” before he could start acquiring other businesses.  Then he discovered a different approach.  ━━━━━━━━━━━━━━ 👉 If you",Jonathan Jay
youtube,The Joy Anand,The Joy Anand,yt_subscribers,30800,1,0,0,5,,,,https://www.youtube.com/watch?v=u8WYec_PSJY,strategy,2026-09-25,How To Start An Online Coaching Business (full blueprint),"Get Super Profile at ₹1 for 1 month (Use code JOY99V2): https://superprofile.bio?referralCode=VhETWX&referralType=creatorReferral&utm_source=YTJoyV2  Can I build a coaching business from scratch in just 30 days?  In this video, I start a real 30-day coaching business challenge where I try to build, ",The Joy Anand
youtube,Sheshan Dias,Sheshan Dias,yt_subscribers,15300,1,0,0,5,,,,https://www.youtube.com/watch?v=GIZzUM78QtQ,public speaking,2026-09-16,"If You Want to Be a Better Speaker, Watch This Masterclass","If you want to become a more confident, clear, and impactful speaker, this masterclass is for you! 🗣️  In this Public Speaking Masterclass, we explore the essential skills you need to speak with confidence, engage your audience, and make people listen.  Whether you're a student, professional, or som",Sheshan Dias
youtube,Manifest with Rammya,Manifest with Rammya,yt_subscribers,19200,1,0,0,5,,,,https://www.youtube.com/watch?v=HGVCdQJKRGQ,mindset,2026-09-12,Transform Your Life with our 3-Hour Manifestation Masterclass | Unlock Your Next Level Mindset,"Are you looking to take your life to the next level? If so, you need to understand the true power of manifestation! It’s not just about setting goals—it's about shifting your subconscious mindset and breaking free from limiting beliefs.  Join our exclusive 3-Hour Manifestation Masterclass to complet",Manifest with Rammya
youtube,Power of Knowing Forum,Power of Knowing Forum,yt_subscribers,26500,1,0,0,5,,,,https://www.youtube.com/watch?v=D4ia2zAUruU,accountability,2026-09-06,Who Owns Workflow Controls? Business Accountability & Risk #shorts,"Environments shift faster than governance models. When controls become workflow, who's accountable? A product owner with a roadmap and quality standard is key. Businesses own the risk, not the control design. Escalate friction points.   #Podcast :- 366 Dated:-10th June 2026   The Theme of the discus",Power of Knowing Forum
youtube,WRIC ABC 8News,WRIC ABC 8News,yt_subscribers,16400,1,0,0,5,,,,https://www.youtube.com/watch?v=_yfr5oh81IE,accountability,2026-09-20,'It doesn't stop the fire': community reacts to Spanberger's new data center framework,"Community members are reacting after Gov. Abigail Spanberger (D) announced her new Data Center Accountability Framework on Friday, echoing mixed reviews from lawmakers.  The framework was built around five pillars designed to protect the environment and prioritize people when developing. Some Centra",WRIC ABC 8News
youtube,WSET ABC 13,WSET ABC 13,yt_subscribers,37800,1,0,0,5,,,,https://www.youtube.com/watch?v=gGNViE9qKxI,accountability,2026-09-19,LIVE: Gov. Spanberger makes AI & data centers announcement,"Gov. Abigail Spanberger on Friday unveiled what she said is the most comprehensive and aggressive data center accountability effort in the country.  Spanberger said the Data Center Accountability Framework will give communities transparent information and data center approval, protect Virginians fro",WSET ABC 13
youtube,Zindagi Aur Jeena,Zindagi Aur Jeena,yt_subscribers,36300,1,0,0,5,,,,https://www.youtube.com/watch?v=vCtApL4jPd4,mindset,2026-09-25,"सुबह 3, दिन में 6, रात को 9 बार लिखो… फिर क्या होगा? | 369 Manifestation Method","सुबह 3, दिन में 6, रात को 9 बार लिखो… फिर क्या होगा? | 369 Manifestation Method  Can writing your goals every day help you move closer to achieving them? In this video, we explore the 369 Manifestation Method—a popular practice in which you write your chosen goal 3 times in the morning, 6 times duri",Zindagi Aur Jeena
youtube,My Dental Playbook,My Dental Playbook,yt_subscribers,21500,1,0,0,5,,,,https://www.youtube.com/watch?v=hu6T4UNKTMM,mindset,2026-09-25,Balancing Clinical Work and Leadership | My Dental Playbook - Dr. Blake Hamblin & Gary Bird,"→ If you're a dentist who wants to grow but isn’t sure where to start, My Dental Playbook is your new go‑to resource.  Dr. Blake Hamblin and Gary Bird break down real practice‑growth strategies, actionable dental entrepreneurship insights, and step‑by‑step tactics you can use immediately inside your",My Dental Playbook
youtube,Phil McKinney,Phil McKinney,yt_subscribers,16800,1,0,0,5,,,,https://www.youtube.com/watch?v=5clmHzlPYgs,leadership,2026-09-24,How To Build Innovation Teams (My Playbook From HP and CableLabs),"How to build an innovation team that lasts: culture before hiring, the four roles most teams are missing, adapting the innovation process to your organization, funding that doesn't wait for the annual budget, and the numbers that keep leadership bought in. From the playbook I used running HP's Innov",Phil McKinney
youtube,Empowerment Life Coaching,Empowerment Life Coaching,yt_subscribers,24300,1,0,0,5,,,,https://www.youtube.com/watch?v=mHCl_dUYRUY,life coaching,2026-09-26,Monthly Community Coaching Call for all Empowerment Life Coaching students & graduates 💞,,Empowerment Life Coaching
youtube,Aspire College Of Excellence,Aspire College Of Excellence,yt_subscribers,21200,1,0,0,5,,,,https://www.youtube.com/watch?v=mNBy2bYmfxo,habits,2026-09-06,Why Do We Keep Repeating the Same Patterns? FREE Webinar !,"👉 www.aspireislam.com/lost  🤔 Ever wonder why you keep falling into the same patterns    same {habits, self-doubt, guilt} 🦋   THIS SATURDAY!  let's uncover why — in this 🆓 Webinar on  😖 Why Do We Keep Repeating the Same Patterns? ❤️‍🩹 An Islamic Psychology of Nafs, Habits & Self-Sabotage  Speaker: S",Aspire College Of Excellence
youtube,CS FOUNDATION | CSEET | CS PREETI SINGH CS CLASSES,CS FOUNDATION | CSEET | CS PREETI SINGH CS CLASSES,yt_subscribers,24200,1,0,0,5,,,,https://www.youtube.com/watch?v=-Qp05keP444,executive coaching,2026-09-19,Setting Up Of Business II LLP II Best CS Executive Coaching in Delhi Laxminagar,"CALL FOR ENQUIRY 9999601333, 9999601332     LLP (Limited Liability Partnership) in a simple and exam-oriented way. This video covers the important concepts of LLP, its features, formation, partners, designated partners, liability and other key provisions.  Perfect for CS Executive / CS Professional ",CS FOUNDATION | CSEET | CS PREETI SINGH CS CLASSES
youtube,BJP Jammu & Kashmir,BJP Jammu & Kashmir,yt_subscribers,34000,1,0,0,5,,,,https://www.youtube.com/watch?v=Z10YoEEzHGY,accountability,2026-09-08,"A masterclass in betrayal, cowardice and hypocrisy.","The moment accountability arrived, Omar Abdullah Ji backstabbed Sakina Itoo and scapegoated the Health Department to protect himself.  A masterclass in betrayal, cowardice and hypocrisy.",BJP Jammu & Kashmir
youtube,Unisa Gauteng Region,Unisa Gauteng Region,yt_subscribers,14300,1,0,0,5,,,,https://www.youtube.com/watch?v=lcSJpWW3Y8w,goal setting,2026-09-14,TIME MAMAGEMENT GOAL SETTING WORKSHOP PART 2  26082026,,Unisa Gauteng Region
youtube,Alexis aka MissTrenchcoat,Alexis aka MissTrenchcoat,yt_subscribers,94200,1,0,0,5,,,,https://www.youtube.com/watch?v=oNALI1XYYuE,mindset,2026-09-13,🔴 Q4 CRESCENDO WORKSHOP | Fall Planning Workshop 🍂📓,💫 Join the Charmed Life Master Mind – Q4 Promo Get $111 OFF the Annual Membership + FREE 2026/2027 Master Planner System 👉 https://www.strangecharmed.com/masterplan/join-the-charmed-life-master-mind-lto/  📓 Download Your FREE Q4 Crescendo Workbook Follow along with today’s class and plan your most p,Alexis aka MissTrenchcoat
youtube,Redeeming Productivity,Redeeming Productivity,yt_subscribers,72500,1,0,0,5,,,,https://www.youtube.com/watch?v=-5PvhCpniOo,mindset,2026-09-11,Post-Summer Productivity Reset 2026,"Summer’s ending and life is speeding back up—school, work, and routines all at once. If your habits have slipped, your goals feel fuzzy, or you’re overwhelmed, you’re not alone.  In this workshop, you’ll learn how to: • Recover a God-glorifying mindset for work • Reset your spiritual disciplines • G",Redeeming Productivity
youtube,m365 Show by Mirko Peters [Microsoft MVP],m365 Show by Mirko Peters [Microsoft MVP],yt_subscribers,54900,1,0,0,5,,,,https://www.youtube.com/watch?v=qxF-OIaRokI,pipeline,2026-09-19,Terraform Code automatisieren: 3 KI-Subagents im Praxistest,"Von der ersten Skizze bis zur fertigen Pipeline in Rekordzeit? In dieser spannenden Session zeigt Lena Hüfling, Senior Consultant und Platform Engineer bei Bridging IT, wie du mit spezialisierten KI-Agenten deinen Terraform-Workflow auf das nächste Level hebst. Erfahre in diesem Video, wie du komple",m365 Show by Mirko Peters [Microsoft MVP]
reddit,_humanERROR_,SelfImprovement,reddit_upvotes,2,1,0,2,4,,,,https://www.reddit.com/r/selfimprovement/comments/1wurjl0/how_do_i_better_handle_worklife_balance/,,2026-10-01,How do I better handle work-life balance?,"I've had problems in workplaces my whole life due to mental health issues, reaulting in at least 1 significant complaint every 2 months. I have autism and while I know it isn't an excuse, no matter how hard I try I sometimes say the wrong things and people get offended.   But actually working to my ",u/_humanERROR_
reddit,Sorry_Bat_244,Podcasting,reddit_upvotes,2,1,0,0,2,,,,https://www.reddit.com/r/podcasting/comments/1wqg63h/advice_for_whether_someone_else_should_post_my/,,2026-09-26,advice for whether someone else should post my podcast's episode on their podcast,hi! i was hoping to get some advice from other podcasters as to their thoughts on a proposal i received. i had a guest on my show that i had invited with no expectation of anything including being on their show or anything like that. we concluded filming the episode for my podcast and they had menti,u/Sorry_Bat_244
reddit,Hydnum_repandum,DigitalMarketing,reddit_upvotes,1,1,0,0,2,,,,https://www.reddit.com/r/DigitalMarketing/comments/1wo74hu/what_do_you_think_of_reddit_as_the_validation/,,2026-09-23,What do you think of Reddit as the validation layer in the funnel?,"I was in a conference today and a Reddit executive presented this idea that people go to Reddit to validate what they get from the internet or LLMs when purchasing something.  As long time Reddit user I do think it is true, but how valid is this idea in this nowadays with all the bots and annoying a",u/Hydnum_repandum
reddit,breathingback,SelfImprovement,reddit_upvotes,2,1,0,0,2,,,,https://www.reddit.com/r/selfimprovement/comments/1wp0zj2/how_do_i_do_this/,,2026-09-24,how do I do this,"I am turning 26, graduated with a degree in Literature. I was 23 when I got my degree. I thought the motivation to continue a profession in this program would continue- take my masters, seek part time jobs related to my course. But no, after graduation, I work a 9-5 customer support job, wasted 3 ye",u/breathingback
reddit,Life_Meat_1397,SelfImprovement,reddit_upvotes,1,1,0,0,2,,,,https://www.reddit.com/r/selfimprovement/comments/1wmywiz/did_i_cook_my_life_20_failing_school_unemployed/,,2026-09-22,"Did I cook my life 😁? 20, failing school, unemployed, studying a major parents hate, living with a mental illness parents don't believe in.","Sorry, long post. Okay, pity party time! My parents hate what I'm doing with my life right now and their fearmongering is really getting to me. They tell me that I've made all the wrong choices, that my current choices are gonna make me fail at life, that I'm wasting my life, that I'm 20 and should ",u/Life_Meat_1397
reddit,oJajoa,LinkedIn,reddit_upvotes,4,1,0,0,2,,,,https://www.reddit.com/r/linkedin/comments/1wls5i5/linkedin_identity_verification_persona_keeps/,,2026-09-20,"LinkedIn identity verification (Persona) keeps failing with ""Couldn't verify identity"" - any fixes?","Hi everyone, I'm trying to verify my identity on LinkedIn, and every attempt ends with the same error: ""Couldn't verify identity."" Here is everything I've done so far:   \- Started the verification through LinkedIn, which uses Persona to check identity.    \- Photographed the front and back of my Al",u/oJajoa
